"answer_text_a","answer_links_a","question_id_a","participant_id_a","role_a","age_a","gender_a","gender[other]_a","educationlevel_a","educationstatus_a","program_a","familiar_a","interviewtime_a","english_answer_text_a","english_answer_links_a"
"Die Universität Osnabrück sowie das Studierendenwerk Osnabrück bieten Beratungen zu Nachteilsausgleichen an. 
Eine zentrale Anlaufstelle ist der Universität Osnabrück:

Christine Kammler, M.A.
Beauftragte für Studierende mit Behinderung und chronischer Erkrankung
Raum 19/118
Neuer Graben 27
49074 Osnabrück
Tel.: +49 541 969 6366
E-Mail: christine.kammler@uni-osnabrueck.de","https://www.uni-osnabrueck.de/studieninteressierte/erste-orientierung/studieren-mit-behinderung-und-chronischer-erkrankung/; https://digitale-lehre.uni-osnabrueck.de/Ideenpool/Lehre%20Barrierefreier%20gestalten%20Folien.pdf; https://www.studentenwerk-osnabrueck.de/de/beratung/studieren-mit-handicap.html","336","1","enrolled","A2","A2","","A4","A4","Cognitive Science","A2","2526.03","The University of Osnabrück and the Osnabrück Student Services offer consultations on compensations for disadvantages. A central contact point is the University of Osnabrück:

Christine Kammler, M.A. Representative for Students with Disabilities and Chronic Illnesses Room 19/118 Neuer Graben 27 49074 Osnabrück Tel.: +49 541 969 6366 E-Mail: christine.kammler@uni-osnabrueck.de","https://www.uni-osnabrueck.de/studieninteressierte/erste-orientierung/studieren-mit-behinderung-und-chronischer-erkrankung/; https://digitale-lehre.uni-osnabrueck.de/Ideenpool/Lehre%20Barrierefreier%20gestalten%20Folien.pdf; https://www.studentenwerk-osnabrueck.de/de/beratung/studieren-mit-handicap.html"
"Mit einem Bachelor in Cognitive Science stehen Ihnen an der Universität Osnabrück unter anderem folgende Master-Studiengänge offen:

Cognitive Science – Master of Science
Cognitive Computing – Master of Science (berufsbegleitend)

Informatik (M.Sc.):
Fachliche Eignung besteht bei mind. 60 ECTS in Informatik (ohne Bachelorarbeit), insbesondere in:

Algorithmik, Software-Entwicklung, Technische und Theoretische Informatik.
Für Absolvent*innen der Universität Osnabrück ist dies mit den Modulen INF-INF-E-AD, INF-INF-E-TEC, INF-INF-E-SW und INF-INF-E-TH erfüllt. Fehlende Module (max. 15 ECTS) können ggf. nachgeholt werden.

Psychologie – Schwerpunkt Interkulturelle Psychologie (M.Sc.):
Voraussetzung: 90 ECTS in Psychologie, inkl.

Statistik (16 ECTS) & Forschungspraktikum (5 ECTS)
Diagnostik (8 ECTS), Allgemeine Psychologie (16 ECTS)
Leistungen aus mind. 5 der 6 Bereiche: Biologische, Differentielle, Entwicklungs-, Klinische, Sozial- oder Wirtschaftspsychologie (je 8 ECTS).","https://www.uni-osnabrueck.de/fileadmin/documents/public/ordnungen/ZugangsO-Master-Psychologie-IKP_2023-02.pdf; https://www.uni-osnabrueck.de/studieninteressierte/studiengaenge-a-z/cognitive-science-bachelor-of-science/; https://www.uni-osnabrueck.de/fileadmin/documents/public/ordnungen/ZugangsO-Master-Informatik_2020-05.pdf; https://www.uni-osnabrueck.de/studieninteressierte/studiengaenge-a-z/cognitive-computing-master-of-science-berufsbegleitend/","9","1","enrolled","A2","A2","","A4","A4","Cognitive Science","A2","2526.03","With a Bachelor's in Cognitive Science, the University of Osnabrück offers you the following Master's programs, among others:

Cognitive Science – Master of Science  
Cognitive Computing – Master of Science (part-time)

Computer Science (M.Sc.):  
Subject-specific qualification requires at least 60 ECTS in Computer Science (excluding the Bachelor's thesis), particularly in:

Algorithms, Software Development, Technical and Theoretical Computer Science.  
For graduates of the University of Osnabrück, this is fulfilled with the modules INF-INF-E-AD, INF-INF-E-TEC, INF-INF-E-SW, and INF-INF-E-TH. Missing modules (max. 15 ECTS) can be made up if necessary.

Psychology – Focus on Intercultural Psychology (M.Sc.):  
Requirement: 90 ECTS in Psychology, including:

Statistics (16 ECTS) & Research Internship (5 ECTS)  
Diagnostics (8 ECTS), General Psychology (16 ECTS)  
Achievements in at least 5 of the 6 areas: Biological, Differential, Developmental, Clinical, Social, or Economic Psychology (8 ECTS each).","https://www.uni-osnabrueck.de/fileadmin/documents/public/ordnungen/ZugangsO-Master-Psychologie-IKP_2023-02.pdf; https://www.uni-osnabrueck.de/studieninteressierte/studiengaenge-a-z/cognitive-science-bachelor-of-science/; https://www.uni-osnabrueck.de/fileadmin/documents/public/ordnungen/ZugangsO-Master-Informatik_2020-05.pdf; https://www.uni-osnabrueck.de/studieninteressierte/studiengaenge-a-z/cognitive-computing-master-of-science-berufsbegleitend/"
"Monatliche Lebenshaltungskosten: ca. 990 €
Diese setzen sich beispielhaft zusammen:

Miete: ca. 270 – 350 €
Essen: ca. 120 – 180 €
Bücher & Studienmaterial: 25 – 50 € 
Krankenversicherung: ca. 110 €
Rundfunkbeitrag: 18,36 €

Pro Semester:
Semesterbeitrag(Wintersemester 2024/2025): 361,90 €. 

Einmalige Kosten:
Kaution: Im Wohnheim ca. 600 €, auf dem freien Wohnungsmarkt meist drei Monatsmieten.","https://www.uni-osnabrueck.de/studieninteressierte/studienbeginn/kosten/#c281719; https://www.uni-osnabrueck.de/studieninteressierte/leben-in-osnabrueck/lebenshaltungskosten/","203","1","enrolled","A2","A2","","A4","A4","Cognitive Science","A2","2526.03","Monthly living expenses: approx. €990 These are composed as follows:

Rent: approx. €270 – €350 Food: approx. €120 – €180 Books & study materials: €25 – €50 Health insurance: approx. €110 Broadcasting fee: €18.36

Per semester: Semester fee (Winter semester 2024/2025): €361.90.

One-time costs: Deposit: In the dormitory approx. €600, on the open housing market usually three months' rent.","https://www.uni-osnabrueck.de/studieninteressierte/studienbeginn/kosten/#c281719; https://www.uni-osnabrueck.de/studieninteressierte/leben-in-osnabrueck/lebenshaltungskosten/"
"Die oberen Führungsebenen der Universität Osnabrück sind hinsichtlich des Geschlechts ausgewogen besetzt, mit einer gleichmäßigen Verteilung zwischen männlichen und weiblichen Mitgliedern. Bezüglich der ethnischen Zugehörigkeit liegen keine spezifischen Daten vor; es wird jedoch angenommen, dass die Mehrheit der Führungskräfte weiß ist.

Für detailliertere Informationen zur Diversität in Führungspositionen können Sie das Gleichstellungsbüro der Universität kontaktieren.
https://www.uni-osnabrueck.de/universitaet/organisation/zentrale-verwaltung/gleichstellungsbuero/","[Website zur Zusammenseztung des Präsidium](https://www.uni-osnabrueck.de/universitaet/organisation/organe-und-gremien/praesidium/); [Artikel zur Vielfalt an der Universität](https://www.uni-osnabrueck.de/universitaet/organisation/zentrale-verwaltung/gleichstellungsbuero/vielfalt-an-der-universitaet-osnabrueck/)","73","2","enrolled","A2","A1","","A4","A4","Cognitive Science","A1","1297.61","The upper management levels of the University of Osnabrück are balanced in terms of gender, with an equal distribution between male and female members. There is no specific data available regarding ethnic affiliation; however, it is assumed that the majority of the leadership is white.

For more detailed information on diversity in leadership positions, you can contact the university's Equal Opportunities Office.
https://www.uni-osnabrueck.de/universitaet/organisation/zentrale-verwaltung/gleichstellungsbuero/","[Website on the composition of the Presidium](https://www.uni-osnabrueck.de/universitaet/organisation/organe-und-gremien/praesidium/); [Article on Diversity at the University](https://www.uni-osnabrueck.de/universitaet/organisation/zentrale-verwaltung/gleichstellungsbuero/vielfalt-an-der-universitaet-osnabrueck/)"
"
Die Universität Osnabrück bietet Studierenden verschiedene Wohnmöglichkeiten an, hauptsächlich über das Studierendenwerk Osnabrück. Dieses verwaltet über 2.000 Wohnplätze in unterschiedlichen Wohnanlagen, darunter Einzelzimmer, Apartments und Familienwohnungen. 

Bewerbung für eine Unterkunft:

Online-Bewerbung:
Interessierte können sich über das Bewerbungsformular des Studierendenwerks für einen Wohnheimplatz bewerben. Es wird empfohlen, sich frühzeitig zu bewerben, da die Plätze begehrt sind. 

Internationale Studierende:
Austauschstudierende von Partnerhochschulen bewerben sich für ein Zimmer im Studentenwohnheim über das International Office. 


Alternative Wohnmöglichkeiten:

Private Unterkünfte: 
Das Schwarze Brett der Universität bietet eine Plattform für Wohnungsangebote und -gesuche. 

Wohnen für Hilfe: 
Dieses Projekt vermittelt Wohnraum im Austausch für Hilfeleistungen im Haushalt oder Garten. Weitere Informationen finden Sie beim AStA der Universität Osnabrück.

Für eine erfolgreiche Bewerbung sollten Sie die jeweiligen Voraussetzungen und Fristen der einzelnen Wohnangebote beachten. Bei weiteren Fragen stehen das Studierendenwerk und das International Office gerne zur Verfügung.
","[Studierendenwerk Osnabrück](https://www.studentenwerk-osnabrueck.de/de/startseite.html); [Wohnen für Studieninteressierte aus dem Ausland ](https://www.uni-osnabrueck.de/studieninteressierte/studieninteressierte-aus-dem-ausland/service/wohnen); [Allgemeines zum Wohenen in Osnabrück](https://www.uni-osnabrueck.de/studieninteressierte/leben-in-osnabrueck/wohnen/); [Wohnen für Hilfe](https://www.asta.uni-osnabrueck.de/rund-ums-studium/wohnen-fuer-hilfe)","204","2","enrolled","A2","A1","","A4","A4","Cognitive Science","A1","1297.61","The University of Osnabrück offers students various housing options, mainly through the Osnabrück Student Services. This organization manages over 2,000 living spaces in different residential complexes, including single rooms, apartments, and family housing.

Application for accommodation:

Online application:
Interested individuals can apply for a dormitory place through the Student Services' application form. It is recommended to apply early, as the places are in high demand.

International students:
Exchange students from partner universities apply for a room in the student dormitory through the International Office.

Alternative housing options:

Private accommodations:
The university's bulletin board offers a platform for housing offers and requests.

Living for help:
This project provides housing in exchange for assistance with household or garden tasks. Further information can be found at the AStA of the University of Osnabrück.

For a successful application, you should pay attention to the respective requirements and deadlines of the individual housing offers. For further questions, the Student Services and the International Office are happy to assist.","[Student Services Osnabrück](https://www.studentenwerk-osnabrueck.de/de/startseite.html); [Housing for prospective international students](https://www.uni-osnabrueck.de/studieninteressierte/studieninteressierte-aus-dem-ausland/service/wohnen); [General information about living in Osnabrück](https://www.uni-osnabrueck.de/studieninteressierte/leben-in-osnabrueck/wohnen/); [Living for Help](https://www.asta.uni-osnabrueck.de/rund-ums-studium/wohnen-fuer-hilfe)"
"Dies ist eine sehr allgemeine Frage. Bitte gib mehr Informationen dazu, welcher Studiengang oder welche Berufe dich interessieren würden.","","356","2","enrolled","A2","A1","","A4","A4","Cognitive Science","A1","1297.61","This is a very general question. Please provide more information about which course of study or professions would interest you.",""
"Die Kosten für ein Semester an der Universität Osnabrück sind von vielen Faktoren abhängig. Dabei gibt es Kosten, die für jede*n Studierende*n anfallen, aber auch individuelle Kosten.

Zum einem fallen für das Studium an der Universität Osnabrück Semesterbeiträge an. Diese müssen die Studierende für jedes Semester zahlen.
""Für das Wintersemester 2024/2025 beträgt dieser an der Universität Osnabrück 361,90€ und setzt sich wie folgt zusammen:

93,00€ = Beitrag für das Studierendenwerk
193,90€ = Beitrag für die Studierendenschaft;
                  davon 17,50€ = AStA- Beitrag
                           176,40€ = Kosten für das studentische Deutschlandticket
75,00€ = Verwaltungskostenbeitrag (§11 Niedersächsisches Hochschulgesetz)""

Ab einer gewissen Anzahl von Semestern kann sich dieser Semesterbeitrag um 500€ erhöhen. Diese Erhöhung nennt sich Langzeitstudiengebühren. Diese werden aber nur nach Verbrauch eines sogenannten ""Studienguthabens"" erhoben. Das Studienguthaben enthält die Regelstudienzeit sowie Toleranzsemester. 
Weitere Informationen zu den Langzeitstudiengebühren finden Sie auf der Seite [Kosten des Studiums Unterpunkt Studienguthaben](https://www.uni-osnabrueck.de/studieninteressierte/studienbeginn/kosten/#c281719)

Zudem werden weiterbildende Studiengänge angeboten, die entgeltpflichtig sind.
An der Universität Osnabrück betrifft das derzeit folgende Studiengänge:

1. M.Sc. Cognitive Computing
2. Psychologischer Psychotherapeut
3. Kinder- und Jugendlichenpsychotherapeut
4. Master-Erweiterungsstudiengänge ""Erweiterungsfach Lehramt""

Hinzu kommen natürlich monatliche Lebenshaltungskosten, die jede*r Studienrende persönlich hat. Weitere Informationen, welche Kosten monatlich beachtet werden sollten, finden Sie unter [Lebenshaltungskosten](https://www.uni-osnabrueck.de/studieninteressierte/leben-in-osnabrueck/lebenshaltungskosten/)

Allerdings gibt es auch viele Angebote von Stipendien und Förderungen, um die Kosten für Studierende zu verringern. Weitere Informationen zu Stipendien und Förderungen finden Sie unter [Stipendien und Förderungen](https://www.uni-osnabrueck.de/studieninteressierte/stipendien-und-foerderung/)
","[Kosten des Studiums](https://www.uni-osnabrueck.de/studieninteressierte/studienbeginn/kosten/#c281719); [Lebenshaltungskosten](https://www.uni-osnabrueck.de/studieninteressierte/leben-in-osnabrueck/lebenshaltungskosten/); [Stipendien und Förderungen](https://www.uni-osnabrueck.de/studieninteressierte/stipendien-und-foerderung/); [Kosten, Finanzierung und Stipendien](https://www.uni-osnabrueck.de/studieninteressierte/studieninteressierte-aus-dem-ausland/kosten-und-finanzierung/)","32","3","enrolled","A3","A1","","A5","A4","Master of Education Lehramt an berufsbildenen Schulen für Fachbachelor","A2","6915.03","The costs for a semester at the University of Osnabrück depend on many factors. There are costs that apply to every student, but also individual costs.

On one hand, semester fees are incurred for studying at the University of Osnabrück. Students must pay these fees for each semester. ""For the winter semester 2024/2025, this amounts to €361.90 at the University of Osnabrück and is composed as follows:

€93.00 = Contribution for the student services
€193.90 = Contribution for the student body;
                  of which €17.50 = AStA contribution
                           €176.40 = Costs for the student Germany ticket
€75.00 = Administrative fee (§11 Lower Saxony Higher Education Act)""

After a certain number of semesters, this semester fee can increase by €500. This increase is called long-term study fees. However, these are only charged after the consumption of a so-called ""study credit."" The study credit includes the standard period of study as well as tolerance semesters. More information on long-term study fees can be found on the page [Costs of Studies Subsection Study Credit](https://www.uni-osnabrueck.de/studieninteressierte/studienbeginn/kosten/#c281719)

In addition, continuing education programs are offered, which are subject to fees. At the University of Osnabrück, this currently applies to the following programs:

1. M.Sc. Cognitive Computing
2. Psychological Psychotherapist
3. Child and Adolescent Psychotherapist
4. Master's extension programs ""Extension Subject Teaching""

Of course, there are also monthly living expenses that each student personally has. More information on which costs should be considered monthly can be found under [Living Expenses](https://www.uni-osnabrueck.de/studieninteressierte/leben-in-osnabrueck/lebenshaltungskosten/)

However, there are also many scholarship and funding offers to reduce costs for students. More information on scholarships and funding can be found under [Scholarships and Funding](https://www.uni-osnabrueck.de/studieninteressierte/stipendien-und-foerderung/)","[Costs of studying](https://www.uni-osnabrueck.de/studieninteressierte/studienbeginn/kosten/#c281719); [Cost of living](https://www.uni-osnabrueck.de/studieninteressierte/leben-in-osnabrueck/lebenshaltungskosten/); [Scholarships and Grants](https://www.uni-osnabrueck.de/studieninteressierte/stipendien-und-foerderung/); [Costs, Financing and Scholarships](https://www.uni-osnabrueck.de/studieninteressierte/studieninteressierte-aus-dem-ausland/kosten-und-finanzierung/)"
"Das Studierendenwerk Osnabrück bietet mehrere Studentenunterkünfkte. Erster Kontakt für studentischen Wohnraum ist die Wohnraumzentrale des Studierendenwerks. Sie vermittelt neben den Zimmern in den Wohnheimen auch einige private Wohnungen.
Insgesamt stehen rund 1.700 Wohnheimplätze zur Verfügung. Die Wohnformen reichen vom Einzelzimmer bis zu Wohngemeinschaften und Familienappartements. 

Ob zum aktuellen Zeitpunkt Studierendeunterkünfte frei sind, kann ich Ihnen nicht beantworten. Allerdings können dies die Kolleg*innen vom Studierendenwerk Osnabrück. Sie erreichen diese unter folgenden Kontaktdaten:

Studierendenwerk Osnabrück 
Abteilung Studentisches Wohnen
Ritterstraße 10
49074 Osnabrück
Tel. +49 541 331073-0 
Telefonische Erreichbarkeit
Montag bis Donnerstag: 
09:00 bis 15:00 Uhr 
Freitag: 
09:00 bis 13:00 Uhr

Für weitere Informationen zum Thema studentischer Wohnraum, besuchen Sie bitte folgende Webseiten:
[Unterkunft für Studierende](https://www.uni-osnabrueck.de/studieninteressierte/studieninteressierte-aus-dem-ausland/service/wohnen/)
oder
[Wohnen in Osnabrück](https://www.uni-osnabrueck.de/studieninteressierte/leben-in-osnabrueck/wohnen/)","[Unterkunft für Studierende](https://www.uni-osnabrueck.de/studieninteressierte/studieninteressierte-aus-dem-ausland/service/wohnen/); [Wohnen in Osnabrück](https://www.uni-osnabrueck.de/studieninteressierte/leben-in-osnabrueck/wohnen/)","298","3","enrolled","A3","A1","","A5","A4","Master of Education Lehramt an berufsbildenen Schulen für Fachbachelor","A2","6915.03","The Studierendenwerk Osnabrück offers several student accommodations. The first contact for student housing is the housing center of the Studierendenwerk. In addition to rooms in the dormitories, it also arranges some private apartments. 

A total of around 1,700 dormitory places are available. The housing options range from single rooms to shared apartments and family apartments.

I cannot tell you whether student accommodations are currently available. However, the colleagues at the Studierendenwerk Osnabrück can. You can reach them at the following contact details:

Studierendenwerk Osnabrück
Department of Student Housing
Ritterstraße 10
49074 Osnabrück
Tel. +49 541 331073-0
Telephone availability
Monday to Thursday:
09:00 to 15:00
Friday:
09:00 to 13:00

For more information on student housing, please visit the following websites:
[Accommodation for Students](https://www.uni-osnabrueck.de/studieninteressierte/studieninteressierte-aus-dem-ausland/service/wohnen/)
or
[Living in Osnabrück](https://www.uni-osnabrueck.de/studieninteressierte/leben-in-osnabrueck/wohnen/)","[Accommodation for students](https://www.uni-osnabrueck.de/studieninteressierte/studieninteressierte-aus-dem-ausland/service/wohnen/); [Living in Osnabrück](https://www.uni-osnabrueck.de/studieninteressierte/leben-in-osnabrueck/wohnen/)"
"Es lohnt sich immer, sich über BAföG und Stipendien zu informieren.
Denn möglicherweise können Sie BAFöG - also staatliche, zinsfreie finanzielle Unterstützung - beziehen, um Ihr Studium zu finanzieren. 
Ob Sie ein Anspruch auf BAFöG haben, können Sie einfach beim Studentenwerk überprüfen lassen.
Buchen Sie sich einfach einen Beratungstermin beim Studentenwerk und lassen sich kompetent beraten. Für weitere Informationen zum BAFöG oder einen Beratungstermin [Studentenwerk BAFöG](https://www.studentenwerk-osnabrueck.de/de/finanzen.html)

Des Weiteren sollten Sie prüfen, on sie ein Stipendium bekommen können.
Denn Studierenden und Promovierenden eröffnen sich vielfältige Möglichkeiten finanzieller und auch sachlicher Unterstützung ‒ sowohl durch BAföG als auch durch Stipendien und Förderprogramme.
Für die Suche nach dem passenden Stipendium bietet unter anderem die Plattform european-funding-guide.eu einen Orientierungsrahmen. Aber auch die Universität Osnabrück bietet unterschiedliche Förderungen und Stipendien an.
Für weitere Informationen zu Stipendien besuchen Sie folgende Website: [Stipendien und Förderung](https://www.uni-osnabrueck.de/studieninteressierte/stipendien-und-foerderung/)

","[Studienfinanzierung](https://www.uni-osnabrueck.de/universitaet/organisation/international-office/coordination-refugeesuos/studienfinanzierung/); [Studentenwerk BAFöG](https://www.studentenwerk-osnabrueck.de/de/finanzen.html); [Stipendien und Förderung](https://www.uni-osnabrueck.de/studieninteressierte/stipendien-und-foerderung/)","167","3","enrolled","A3","A1","","A5","A4","Master of Education Lehramt an berufsbildenen Schulen für Fachbachelor","A2","6915.03","It is always worthwhile to get information about BAföG and scholarships. You may be eligible for BAföG - that is, government, interest-free financial support - to finance your studies. You can easily check with the student services whether you are eligible for BAföG. Simply book a consultation appointment with the student services and get competent advice. For more information on BAföG or to schedule a consultation appointment [Studentenwerk BAFöG](https://www.studentenwerk-osnabrueck.de/de/finanzen.html)

Furthermore, you should check if you can get a scholarship. Students and doctoral candidates have a variety of opportunities for financial and material support ‒ both through BAföG and through scholarships and funding programs. The platform european-funding-guide.eu, among others, offers a framework for finding the right scholarship. But the University of Osnabrück also offers various grants and scholarships. For more information on scholarships, visit the following website: [Scholarships and Funding](https://www.uni-osnabrueck.de/studieninteressierte/stipendien-und-foerderung/)","[Study financing](https://www.uni-osnabrueck.de/universitaet/organisation/international-office/coordination-refugeesuos/studienfinanzierung/); [Student Union BAFöG](https://www.studentenwerk-osnabrueck.de/de/finanzen.html); [Scholarships and Funding](https://www.uni-osnabrueck.de/studieninteressierte/stipendien-und-foerderung/)"
"Das hängt davon ab, welchen Studiengang du im Bereich Germanistik auf Lehramt wählst! Hier eine Auswahl von Studiengängen, die die Universität Osnabrück anbietet. Für weitere Optionen lohnt sich ein Blick auf die offiziellen Studiengangseiten.

NC erforderlich im Bachelor:
[Deutsch – Lehramt an Grundschulen](https://www.uni-osnabrueck.de/studieninteressierte/studiengaenge-a-z/deutsch-lehramt-an-berufsbildenden-schulen/)
[Deutsch – Lehramt an Gymnasien](https://www.uni-osnabrueck.de/studieninteressierte/studiengaenge-a-z/deutsch-lehramt-an-gymnasien/)

Kein NC erforderlich im Bachelor:
[Deutsch – Lehramt an berufsbildenden Schulen](https://www.uni-osnabrueck.de/studieninteressierte/studiengaenge-a-z/deutsch-lehramt-an-berufsbildenden-schulen/)

Für mehr Details kannst du auf [Zulassungsbeschränkungen und Bewerbungstermine – Studienjahr 2025 nachschauen](https://www.uni-osnabrueck.de/studieninteressierte/bewerbung/zugangsvoraussetzungen/zulassungsbeschraenkungen/#c240239). 
Für weitere Informationen oder eine vollständige Liste der Studiengänge empfehle ich, die [Studiengänge A-Z](https://www.uni-osnabrueck.de/studieninteressierte/studiengaenge-a-z/) zu konsultieren.

Möchtest du mehr zu einem bestimmten Studiengang wissen?","[Zulassungsbeschränkungen und Bewerbungstermine – Studienjahr 2025 nachschauen](https://www.uni-osnabrueck.de/studieninteressierte/bewerbung/zugangsvoraussetzungen/zulassungsbeschraenkungen/#c240239); [Studiengänge A-Z](https://www.uni-osnabrueck.de/studieninteressierte/studiengaenge-a-z/); [Deutsch – Lehramt an Grundschulen](https://www.uni-osnabrueck.de/studieninteressierte/studiengaenge-a-z/deutsch-lehramt-an-berufsbildenden-schulen/); [Deutsch – Lehramt an Gymnasien](https://www.uni-osnabrueck.de/studieninteressierte/studiengaenge-a-z/deutsch-lehramt-an-gymnasien/); [Deutsch – Lehramt an berufsbildenden Schulen](https://www.uni-osnabrueck.de/studieninteressierte/studiengaenge-a-z/deutsch-lehramt-an-berufsbildenden-schulen/)","194","4","enrolled","A2","A1","","A4","A4","Cognitive Science","A2","9338.83","That depends on which degree program in the field of German studies for teaching you choose! Here is a selection of degree programs offered by the University of Osnabrück. For more options, it is worth taking a look at the official degree program pages.

NC required in the Bachelor's program:
[German – Teaching at Primary Schools](https://www.uni-osnabrueck.de/studieninteressierte/studiengaenge-a-z/deutsch-lehramt-an-berufsbildenden-schulen/)
[German – Teaching at High Schools](https://www.uni-osnabrueck.de/studieninteressierte/studiengaenge-a-z/deutsch-lehramt-an-gymnasien/)

No NC required in the Bachelor's program:
[German – Teaching at Vocational Schools](https://www.uni-osnabrueck.de/studieninteressierte/studiengaenge-a-z/deutsch-lehramt-an-berufsbildenden-schulen/)

For more details, you can check [Admission Restrictions and Application Deadlines – Academic Year 2025](https://www.uni-osnabrueck.de/studieninteressierte/bewerbung/zugangsvoraussetzungen/zulassungsbeschraenkungen/#c240239). 
For further information or a complete list of degree programs, I recommend consulting the [Degree Programs A-Z](https://www.uni-osnabrueck.de/studieninteressierte/studiengaenge-a-z/).

Would you like to know more about a specific degree program?","[Admission restrictions and application deadlines – Check for the academic year 2025](https://www.uni-osnabrueck.de/studieninteressierte/bewerbung/zugangsvoraussetzungen/zulassungsbeschraenkungen/#c240239); [Degree Programs A-Z](https://www.uni-osnabrueck.de/studieninteressierte/studiengaenge-a-z/); [German – Teaching at Primary Schools](https://www.uni-osnabrueck.de/studieninteressierte/studiengaenge-a-z/deutsch-lehramt-an-berufsbildenden-schulen/); [German – Teaching at High Schools](https://www.uni-osnabrueck.de/studieninteressierte/studiengaenge-a-z/deutsch-lehramt-an-gymnasien/); [German – Teaching at Vocational Schools](https://www.uni-osnabrueck.de/studieninteressierte/studiengaenge-a-z/deutsch-lehramt-an-berufsbildenden-schulen/)"
"Die Universität Osnabrück bietet eine Reihe von Stipendien an, die speziell auf internationale Studierende zugeschnitten sind. Dazu gehören unter anderem das Deutschlandstipendium, das DAAD Studienabschlussstipendium und das PhD interConnect Stipendium. Zudem gibt es externe Anbieter wie den DAAD oder private Stiftungen, die je nach Studiengang und Herkunftsland unterschiedliche Programme anbieten.

Neben den Stipendien gibt es auch die Möglichkeit, eine Anstellung an der Universität zu finden. Studierende können als studentische Hilfskräfte oder in wissenschaftlichen Projekten arbeiten, was nicht nur eine finanzielle Unterstützung bietet, sondern auch wertvolle Berufserfahrung verschafft.

Für internationale Studierende, die zusätzlich finanzielle Unterstützung benötigen, gibt es verschiedene Kredite. Dazu zählen der Bildungskredit und der KfW-Studienkredit, die unter bestimmten Voraussetzungen von internationalen Studierenden in Anspruch genommen werden können.

Falls du in eine finanzielle Notlage gerätst, stehen dir verschiedene Unterstützungsfonds zur Verfügung. Der Sozialfonds für Osnabrücker Studierende (SOS) bietet schnelle und unbürokratische Hilfe in Notfällen, ebenso wie der Allgemeine Studierendenausschuss (AStA), der einen einmaligen, zinsfreien Notkredit bereitstellt. Zudem gibt es den Ökumenischen Notfonds, der speziell für Studierende aus dem Globalen Süden und Osteuropa gedacht ist.

Weitere Details zu den verschiedenen Fördermöglichkeiten und Bewerbungsfristen findest du auf der Seite [Kosten, Finanzierung und Stipendien](https://www.uni-osnabrueck.de/studieninteressierte/studieninteressierte-aus-dem-ausland/kosten-und-finanzierung/).

Falls du noch spezielle Fragen hast oder Hilfe bei der Recherche brauchst, lass es mich wissen! Ich unterstütze dich gerne weiter."," [Kosten, Finanzierung und Stipendien](https://www.uni-osnabrueck.de/studieninteressierte/studieninteressierte-aus-dem-ausland/kosten-und-finanzierung/)","153","4","enrolled","A2","A1","","A4","A4","Cognitive Science","A2","9338.83","The University of Osnabrück offers a range of scholarships specifically tailored for international students. These include, among others, the Deutschlandstipendium, the DAAD Study Completion Scholarship, and the PhD interConnect Scholarship. Additionally, there are external providers such as the DAAD or private foundations that offer different programs depending on the course of study and country of origin.

In addition to scholarships, there is also the possibility of finding employment at the university. Students can work as student assistants or in scientific projects, which not only provides financial support but also valuable work experience.

For international students who need additional financial support, there are various loans available. These include the education loan and the KfW student loan, which can be utilized by international students under certain conditions.

If you find yourself in a financial emergency, various support funds are available to you. The Social Fund for Osnabrück Students (SOS) offers quick and unbureaucratic help in emergencies, as does the General Student Committee (AStA), which provides a one-time, interest-free emergency loan. Additionally, there is the Ecumenical Emergency Fund, which is specifically intended for students from the Global South and Eastern Europe.

Further details on the various funding opportunities and application deadlines can be found on the page [Costs, Financing, and Scholarships](https://www.uni-osnabrueck.de/studieninteressierte/studieninteressierte-aus-dem-ausland/kosten-und-finanzierung/).

If you have any specific questions or need help with research, let me know! I am happy to assist you further."," [Costs, Financing, and Scholarships](https://www.uni-osnabrueck.de/studieninteressierte/studieninteressierte-aus-dem-ausland/kosten-und-finanzierung/)"
"Die Universität Osnabrück stellt dir eine Vielzahl an hilfreichen Tools zur Verfügung:

Über das Online-Portal [myUOS](https://myuos.uni-osnabrueck.de/) kannst du auf das zentrale Organisationswerkzeug Stud.ip zugreifen, deinen offiziellen E-Mail-Account einrichten, deine Module und Prüfungen über HisInOne verwalten und Videokonferenzen über BBB (BigBlueButton) durchführen – und vieles mehr.

Zusätzlich bietet dir das [Rechenzentrum (RZ)](https://www.rz.uni-osnabrueck.de/) WLAN über eduroam, VPN über eduVPN, Cloud-Speicher mit myShare sowie den Team-Messenger Element.

Die Universitätsbibliothek stellt dir insbesondere die Möglichkeit zur Ausleihe sowie digitalen Ausleihe und Verlängerung zur Verfügung.

Für eine schnelle Übersicht findest du hier auch einen kleinen [Spickzettel](https://digitale-lehre.uni-osnabrueck.de/wp-content/uploads/2024/10/spickzettel-online-lehre-10-24.pdf).

Falls du noch Fragen zu einem der Tools hast oder Hilfe benötigst, lass es mich wissen!","[Spickzettel](https://digitale-lehre.uni-osnabrueck.de/wp-content/uploads/2024/10/spickzettel-online-lehre-10-24.pdf); [Rechenzentrum (RZ)](https://www.rz.uni-osnabrueck.de/); [myUOS](https://myuos.uni-osnabrueck.de/); [UB](https://www.ub.uni-osnabrueck.de/); [Rechenzentrum von A-Z](https://www.rz.uni-osnabrueck.de/a_bis_z.html); [UB A-Z der Bibliothek](https://www.ub.uni-osnabrueck.de/ub_von_a_bis_z/a_z_der_bibliothek.html);  [von A-Z](https://www.rz.uni-osnabrueck.de/a_bis_z.html) bietet:","105","4","enrolled","A2","A1","","A4","A4","Cognitive Science","A2","9338.83","The University of Osnabrück provides you with a variety of helpful tools:

Through the online portal [myUOS](https://myuos.uni-osnabrueck.de/), you can access the central organizational tool Stud.IP, set up your official email account, manage your modules and exams via HisInOne, conduct video conferences via BBB (BigBlueButton) – and much more.

Additionally, the [Computer Center (RZ)](https://www.rz.uni-osnabrueck.de/) offers you Wi-Fi via eduroam, VPN via eduVPN, cloud storage with myShare, as well as the team messenger Element.

The university library provides you with the option for borrowing, as well as digital borrowing and renewal.

For a quick overview, you can also find a small [cheat sheet](https://digitale-lehre.uni-osnabrueck.de/wp-content/uploads/2024/10/spickzettel-online-lehre-10-24.pdf) here.

If you have any questions about one of the tools or need assistance, let me know!","[Cheat sheet](https://digitale-lehre.uni-osnabrueck.de/wp-content/uploads/2024/10/spickzettel-online-lehre-10-24.pdf); [Data Center (DC)](https://www.rz.uni-osnabrueck.de/); [myUOS](https://myuos.uni-osnabrueck.de/); [UB](https://www.ub.uni-osnabrueck.de/); [Data center from A-Z](https://www.rz.uni-osnabrueck.de/a_bis_z.html); [UB A-Z of the Library](https://www.ub.uni-osnabrueck.de/ub_von_a_bis_z/a_z_der_bibliothek.html);  [from A-Z](https://www.rz.uni-osnabrueck.de/a_bis_z.html) bietet:"
"Ich konnte keine Workshops oder spezifische Networkinf-Veranstaltungen für Masterstudierende der Kognitionswissenschaft finden. 
Was es allerdings gibt, ist das CogSci-network,dem Studierende und ehemalige Studierende der Kognitionswissenschaften an der Universität Osnabrück beitreten können, um in Kontakt mit insgesamt tausenden von Studierenden, Alumni und lehrenden zubleiben. Das CogSci-Network unterstützt studentische Initiativen und innovative Ideen im Bereich der Kognitionswissenschaft und plant Veranstaltungen für seine Mitglieder.","https://www.cogsci-network.org/de","129","5","enrolled","A2","A2","","A4","A4","Cognitive Science","A2","837.51","I couldn't find any workshops or specific networking events for master's students in cognitive science. However, there is the CogSci-network, which students and alumni of cognitive sciences at the University of Osnabrück can join to stay in contact with thousands of students, alumni, and faculty members. The CogSci-Network supports student initiatives and innovative ideas in the field of cognitive science and plans events for its members.","https://www.cogsci-network.org/de"
"Ein Masterstudium an der Universität Osnabrück bietet die Möglichkeit, auf einem bereits erworbenen Bachelorabschluss aufzubauen und vertiefte Kenntnisse in speziellen Schwerpunktbereichen des jeweiligen Fachs zu erwerben. Dieses weiterführende Studium ist stärker forschungsorientiert und richtet sich an Studierende mit verstärktem wissenschaftlichen Interesse.
Um herausfinden, welchesMasterstudium für Sie der richtige Weg ist, können Sie den 15-Minütigen Test der Universität machen: https://studynavi.uni-osnabrueck.de/","https://www.uni-osnabrueck.de/studieninteressierte/abschluesse/bachelor-und-master/?utm_source=chatgpt.com; https://studynavi.uni-osnabrueck.de/","351","5","enrolled","A2","A2","","A4","A4","Cognitive Science","A2","837.51","A master's program at the University of Osnabrück offers the opportunity to build on an already acquired bachelor's degree and gain in-depth knowledge in specific focus areas of the respective subject. This advanced study is more research-oriented and is aimed at students with a heightened scientific interest. To find out which master's program is the right path for you, you can take the 15-minute test from the university: https://studynavi.uni-osnabrueck.de/","https://www.uni-osnabrueck.de/studieninteressierte/abschluesse/bachelor-und-master/?utm_source=chatgpt.com; https://studynavi.uni-osnabrueck.de/"
"Das Gebäude 69 der Universität OSnabrück befindet sich in der Albrechtstraße 28a am Westerberg-Campus.","https://www.uni-osnabrueck.de/universitaet/lageplaene/; https://geo.osnabrueck.de/uni/?i=map","212","5","enrolled","A2","A2","","A4","A4","Cognitive Science","A2","837.51","Building 69 of the University of Osnabrück is located at Albrechtstraße 28a on the Westerberg campus.","https://www.uni-osnabrueck.de/universitaet/lageplaene/; https://geo.osnabrueck.de/uni/?i=map"
"Die Kosten für ein Einzelzimmer in einem Studentenwohnheim betragen ca. 255 bis 490 Euro monatlich.
Zu Beginn fällt außerdem eine Kaution von 400 Euro für ein Zimmer an. Die Kaution bekommen Sie zurück, wenn Sie ihr Zimmer beim Auszug in ordnungsgemäßem Zustand hinterlassen.

Achtung: Austauchstudierende von Partnerhochschulen bewerben sich für ein Zimmer im Studentenwohnheim über das International Office!

Bei Fragen über die Standorte der Studentenwerke können Sie das Studierendenwerk Osnabrück kontaktieren:
Ritterstraße 10
49074 Osnabrück
Tel. +49 541 331073-0
Mail: wohnen@sw-os.de

Weitere Informationen finden Sie auf der Seite [Website des Studierendenwerks Osnabrück](https://www.studentenwerk-osnabrueck.de/de/wohnen.html)
","[Unterkunft für Studierende aus aller Welt](https://www.uni-osnabrueck.de/studieninteressierte/studieninteressierte-aus-dem-ausland/service/wohnen/)","143","6","enrolled","A2","A2","","A4","A4","Cognitive Science","A1","1576.12","The cost for a single room in a student dormitory is approximately 255 to 490 euros per month. Additionally, a deposit of 400 euros is required for a room at the beginning. You will get the deposit back if you leave your room in proper condition when you move out.

Attention: Exchange students from partner universities apply for a room in the student dormitory through the International Office!

For questions about the locations of the student services, you can contact the Student Services Osnabrück:
Ritterstraße 10
49074 Osnabrück
Tel. +49 541 331073-0
Mail: wohnen@sw-os.de

Further information can be found on the page [Website of the Student Services Osnabrück](https://www.studentenwerk-osnabrueck.de/de/wohnen.html)","[Accommodation for students from all over the world](https://www.uni-osnabrueck.de/studieninteressierte/studieninteressierte-aus-dem-ausland/service/wohnen/)"
"Dies können Sie über den Service von OPIUM (MyUOS) einsehen.

Ergebnisse sind unter ""Mein Studium"" > ""Studienservice"" sowie unter ""Mein Studium"" > ""Leistungen"" zu finden. Ergebnisse aus dem alten System sind unter dem Menüpunkt ""Mein Studium"" > ""altes System (OPIuM)"" zu finden.

Sie haben außerdem die Möglichkeit über ""Mein Studium"" > ""Studienservice"" in dem Reiter ""Bescheinigungen"" Ihre Leistungsübersicht in deutscher oder englischer Sprache als PDF zu erstellen und zu drucken.
Über ""Mein Studium"" > ""Leistungen"" haben Sie im unteren Bereich ebenfalls die Möglichkeit Ihre Leistungsübersicht als PDF zu erstellen.

Weitere Informationen finden Sie bei dem zuständigen Prüfungsamt für ihren Fachbereich.","[virtUOS FAQ](https://www2.uni-osnabrueck.de/virtuos/pruefung-und-verwaltung/faqs)","123","6","enrolled","A2","A2","","A4","A4","Cognitive Science","A1","1576.12","You can view this through the service of OPIUM (MyUOS).

Results can be found under ""My Studies"" > ""Study Service"" as well as under ""My Studies"" > ""Achievements"". Results from the old system can be found under the menu item ""My Studies"" > ""old system (OPIuM)"".

You also have the option to create and print your performance overview in German or English as a PDF under ""My Studies"" > ""Study Service"" in the ""Certificates"" tab. Under ""My Studies"" > ""Achievements"" you also have the option to create your performance overview as a PDF in the lower section.

Further information can be found at the responsible examination office for your department.","[virtUOS FAQ](https://www2.uni-osnabrueck.de/virtuos/pruefung-und-verwaltung/faqs)"
"Dazu können Sie zum Beispiel das Angebot des ""Studieren PLuS"" wahrnehmen. Studieren PLuS ist das Verzeichnis der fachunabhängigen Angebote zum Schlüsselkompetenzerwerb an der Universität Osnabrück.

Klicken Sie auf die ""Lernen und wissenschaftlich arbeiten"". Die Veranstaltungen dieses Lernfelds unterstützen den Erwerb von Kompetenzen, die wesentlich sind für ein gelingendes und erfolgreiches Studium in allen Fächern und allen Studienphasen. Es geht darum, Lern- und Studientechniken zu erlernen und effektiv zu nutzen.

Weitere Informationen finden Sie über die Website [Studieren PLuS](https://www.uni-osnabrueck.de/studium/im-studium/studieren-plus/lernen-und-wissenschaftlich-arbeiten/)

Leider kann ich Ihnen bei dieser Frage sonst nicht weiterhelfen, da das Lernen ein komplexes und sehr individuelles Thema ist. Tut mir leid, ich wünsche Ihnen viel Erfolg dabei ihr Lernen zu Optimieren.","[Studieren PLuS](https://www.uni-osnabrueck.de/studium/im-studium/studieren-plus/lernen-und-wissenschaftlich-arbeiten/)","315","6","enrolled","A2","A2","","A4","A4","Cognitive Science","A1","1576.12","You can, for example, take advantage of the ""Studieren PLuS"" offer. Studieren PLuS is the directory of subject-independent offers for acquiring key competencies at the University of Osnabrück.

Click on ""Learning and Scientific Work."" The events in this learning field support the acquisition of competencies that are essential for a successful and effective study in all subjects and all phases of study. It is about learning and effectively using study techniques.

Further information can be found on the website [Studieren PLuS](https://www.uni-osnabrueck.de/studium/im-studium/studieren-plus/lernen-und-wissenschaftlich-arbeiten/)

Unfortunately, I cannot help you further with this question, as learning is a complex and very individual topic. I'm sorry, I wish you much success in optimizing your learning.","[Studying PLuS](https://www.uni-osnabrueck.de/studium/im-studium/studieren-plus/lernen-und-wissenschaftlich-arbeiten/)"
"Die verwendeten Antwortdaten wurden unter anderem durch die Unterstützung von Studierenden der Universität Osnabrück gesammelt, welche sich hierfür freiwillig melden konnten. 

Für weitere Informationen können Sie das [virtUOS Team kontaktieren](https://www2.uni-osnabrueck.de/virtuos/ueber-das-virtuos/kontakt), welches für die Erstellung und Instandhaltung dieses Chatbots verantwortlich ist.","[virtUOS Kontakt](https://www2.uni-osnabrueck.de/virtuos/ueber-das-virtuos/kontakt)","328","7","enrolled","A2","A1","","A4","A4","Bachelor of Science, Cognitive Science","A1","5231.96","The response data used was collected, among other things, with the support of students from the University of Osnabrück, who could volunteer for this purpose.

For more information, you can contact the [virtUOS team](https://www2.uni-osnabrueck.de/virtuos/ueber-das-virtuos/kontakt), which is responsible for the creation and maintenance of this chatbot.","[virtUOS Contact](https://www2.uni-osnabrueck.de/virtuos/ueber-das-virtuos/kontakt)"
"Der Aufbau der Vorlesungen an der Universität Osnabrück umfasst sowohl zeitliche als auch inhaltliche Aspekte.

Zeitlicher Aufbau
Vorlesungen werden üblicherweise in zweistündige Blöcke eingeteilt. Allerdings beträgt die tatsächliche Vorlesungsdauer nur 90 Minuten, da das sogenannte „akademische Viertel“ berücksichtigt wird.
Beispiel: Eine Vorlesung, die im Stundenplan von 14:00 bis 16:00 Uhr eingetragen ist, beginnt tatsächlich um 14:15 Uhr und endet um 15:45 Uhr. Dies ermöglicht den Studierenden Zeit für den Wechsel zwischen den Veranstaltungsorten.
Einige Vorlesungen können je nach Fach und Bedarf von diesem Schema abweichen, beispielsweise durch kompakte Veranstaltungen oder ganztägige Blockseminare.

Inhaltlicher Aufbau
Der inhaltliche Ablauf der Vorlesung wird von den jeweiligen Dozierenden gestaltet und hängt vom Fachbereich sowie vom behandelten Thema ab. Typischerweise besteht eine Vorlesung aus:
- Präsentation von Lehrinhalten: Dozierende verwenden oft unterstützende Materialien wie Präsentationsfolien.
- Interaktion: In einigen Vorlesungen werden Diskussionen, Fragerunden oder Übungen eingebaut, um den Stoff zu vertiefen.

Begleitmaterialien
Dozierende stellen in der Regel begleitende Lernmaterialien über die Lernplattform Stud.IP zur Verfügung. Diese können umfassen:
- Vorlesungsskripte oder Folien,
- Aufzeichnungen der Vorlesungen (wenn unterstützt),
- zusätzliche Literaturhinweise oder Übungsaufgaben.
Die Verfügbarkeit und der Umfang dieser Materialien können je nach Lehrperson und Fachbereich variieren.

Lehrformate
Neben klassischen Präsenzvorlesungen gibt es auch hybride Formate oder vollständig digitale Vorlesungen, die über Plattformen wie BigBlueButton oder Opencast abgehalten werden. Diese Formate wurden insbesondere während der Pandemie verstärkt genutzt und ergänzen seither das Angebot.

Für spezifische Informationen zu einer bestimmten Vorlesung können Sie den jeweiligen Modulplan oder die Kursbeschreibung auf Stud.IP einsehen.","","347","7","enrolled","A2","A1","","A4","A4","Bachelor of Science, Cognitive Science","A1","5231.96","The structure of lectures at the University of Osnabrück includes both temporal and content aspects.

Temporal Structure
Lectures are usually divided into two-hour blocks. However, the actual lecture duration is only 90 minutes, as the so-called ""academic quarter"" is taken into account. 
Example: A lecture scheduled from 2:00 PM to 4:00 PM actually starts at 2:15 PM and ends at 3:45 PM. This allows students time to move between venues. 
Some lectures may deviate from this scheme depending on the subject and need, for example through compact sessions or full-day block seminars.

Content Structure
The content flow of the lecture is designed by the respective lecturers and depends on the department and the topic covered. Typically, a lecture consists of:
- Presentation of teaching content: Lecturers often use supporting materials such as presentation slides.
- Interaction: Some lectures incorporate discussions, Q&A sessions, or exercises to deepen the material.

Accompanying Materials
Lecturers usually provide accompanying learning materials via the Stud.IP learning platform. These may include:
- Lecture scripts or slides,
- Recordings of the lectures (if supported),
- Additional literature references or exercises.
The availability and extent of these materials may vary depending on the instructor and department.

Teaching Formats
In addition to classic in-person lectures, there are also hybrid formats or fully digital lectures held via platforms like BigBlueButton or Opencast. These formats were increasingly used during the pandemic and have since complemented the offerings.

For specific information on a particular lecture, you can view the respective module plan or course description on Stud.IP.",""
"Die Anmeldung zur Bachelorarbeit an der Universität Osnabrück erfolgt in mehreren Schritten und erfordert die Einhaltung bestimmter Voraussetzungen. Hier sind die wichtigsten Informationen dazu:

Voraussetzungen für die Anmeldung
Für die Anmeldung müssen die in Ihrer Prüfungsordnung festgelegten Voraussetzungen erfüllt sein. Diese können je nach Studiengang variieren. Bitte prüfen Sie Ihre Prüfungsordnung, um sicherzustellen, dass Sie die Zulassungsvoraussetzungen erfüllen.

Anmeldung beim Prüfungsamt
Der Antrag auf Zulassung zur Bachelorarbeit muss schriftlich beim zuständigen Prüfungsamt eingereicht werden.
Die hierfür erforderlichen Formulare und Antragsvordrucke stehen auf der Webseite der Universität online zur Verfügung. Achten Sie darauf, den für Ihre Arbeit korrekten Vordruck auszufüllen und alle notwendigen Angaben und Unterschriften einzutragen.
Sollten Sie unsicher sein, welches Formular benötigt wird, können Sie sich direkt an die Mitarbeiterinnen und Mitarbeiter des Prüfungsamts wenden.

Abgabetermin und Frist
Nach der Zulassung zur Bachelorarbeit haben Sie in der Regel drei Monate Zeit, um Ihre Arbeit einzureichen. Der genaue Abgabetermin wird Ihnen schriftlich mitgeteilt.

Abgabe der Bachelorarbeit
Die Bachelorarbeit muss in gedruckter und gebundener Form, in dreifacher Ausführung, fristgerecht beim Prüfungsamt abgegeben werden. Stellen Sie sicher, dass der Eingangsstempel des Prüfungsamts als Nachweis für die fristgerechte Abgabe vorhanden ist.

Die Universität Osnabrück hat

Falls Sie Fragen zur Anmeldung oder Unsicherheiten zur Anmeldung oder den Formularen haben können sie das Prüfungsamt für ihren jeweiligen Fachbereich kontaktieren. Die Universität Osnabrück hat außerdem einen allgemeinen [Leitfaden zum Thema Bachelorarbeit[(https://www.igb.uni-osnabrueck.de/fileadmin/documents/public/Fachgebiete/Pflegewissenschaft/Studiengänge/Leitfaden_Bachelorarbeit_2016.pdf) veröffentlich unter dem sie sich genauer informieren können.","[Prüfungsamt FAQ](https://www.lili.uni-osnabrueck.de/fachbereich/studium_und_lehre/pruefungsamt/haeufig_gestellte_fragen.html#c15836); [Anmeldeformular Bachelorarbeit](https://www.lili.uni-osnabrueck.de/fachbereich/studium_und_lehre/pruefungsamt/formulare_und_antragsvordrucke.html); [Bachelorarbeit Leitfaden](https://www.igb.uni-osnabrueck.de/fileadmin/documents/public/Fachgebiete/Pflegewissenschaft/Studiengänge/Leitfaden_Bachelorarbeit_2016.pdf)","111","7","enrolled","A2","A1","","A4","A4","Bachelor of Science, Cognitive Science","A1","5231.96","Registration for the Bachelor's thesis at the University of Osnabrück takes place in several steps and requires compliance with certain prerequisites. Here is the most important information:

Prerequisites for Registration
To register, the prerequisites set out in your examination regulations must be met. These may vary depending on the degree program. Please check your examination regulations to ensure that you meet the admission requirements.

Registration with the Examination Office
The application for admission to the Bachelor's thesis must be submitted in writing to the responsible Examination Office. The necessary forms and application templates are available online on the university's website. Make sure to fill out the correct template for your thesis and include all necessary information and signatures. If you are unsure which form is needed, you can contact the staff of the Examination Office directly.

Submission Deadline and Period
After admission to the Bachelor's thesis, you generally have three months to submit your thesis. The exact submission deadline will be communicated to you in writing.

Submission of the Bachelor's Thesis
The Bachelor's thesis must be submitted in printed and bound form, in triplicate, to the Examination Office on time. Ensure that the receipt stamp of the Examination Office is present as proof of timely submission.

If you have questions about registration or uncertainties about the registration or forms, you can contact the Examination Office for your respective department. The University of Osnabrück has also published a general [Guide on the Bachelor's Thesis](https://www.igb.uni-osnabrueck.de/fileadmin/documents/public/Fachgebiete/Pflegewissenschaft/Studiengänge/Leitfaden_Bachelorarbeit_2016.pdf) where you can find more detailed information.","[Examination Office FAQ](https://www.lili.uni-osnabrueck.de/fachbereich/studium_und_lehre/pruefungsamt/haeufig_gestellte_fragen.html#c15836); [Registration form Bachelor's thesis](https://www.lili.uni-osnabrueck.de/fachbereich/studium_und_lehre/pruefungsamt/formulare_und_antragsvordrucke.html); [Bachelor Thesis Guide](https://www.igb.uni-osnabrueck.de/fileadmin/documents/public/Fachgebiete/Pflegewissenschaft/Studiengänge/Leitfaden_Bachelorarbeit_2016.pdf)"
"Es gibt verschiedene Möglichkeiten für Studierende einen Wohnraum in der Nähe der Universität Osnabrück zu finden.

Erste Ansprechpartnerin für studentischen Wohnraum ist die Wohnraumzentrale des Studentenwerks unter [Webseite Studentenwerk Osnabrück](https://www.studentenwerk-osnabrueck.de/de/wohnen.html). Sie vermittelt neben Wohnheimplätzen auch einige Wohnungen am freien Markt. Insgesamt stehen rund 2000 Wohnheimplätze zur Verfügung. Die Wohnformen reichen vom Einzelzimmer bis zu Wohngemeinschaften und Familienappartements.

Wer eine rasche Übergangslösung sucht, kann bei der Osnabrücker Mitwohnzentrale ""zweitraum"" unter [Webseite Zweitraum Osnabrück](https://zweitraum-osnabrueck.de/mitwohnzentrale-osnabrueck-mieten.html) fündig werden. Es vermittelt kurzfristig Mitwohnmöglichkeiten. Dabei fallen Gebühren in Abhängigkeit von der Mietdauer und der Miethöhe an.

Mittwochs und Samstags werden im Wohnungsmarkt der Neuen Osnabrücker Zeitung Wohnungen angeboten. Am Schwarzen Brett der Universität können Wohnungsangebote und -gesuche online gemeldet werden. Natürlich gibt es aber auch zahlreiche Seiten im Internet, die bei der Wohnungssuche helfen können.

Weitere Informationen finden Sie auf der [Webseite Wohnen UOS](https://www.uni-osnabrueck.de/studieninteressierte/leben-in-osnabrueck/wohnen/).

","[Webseite Studentenwerk Osnabrück](https://www.studentenwerk-osnabrueck.de/de/wohnen.html); [Webseite Zweitraum Osnabrück](https://zweitraum-osnabrueck.de/mitwohnzentrale-osnabrueck-mieten.html) ; [Webseite Wohnen UOS](https://www.uni-osnabrueck.de/studieninteressierte/leben-in-osnabrueck/wohnen/)","83","8","enrolled","A2","A2","","A5","A4","Cognitive Science","A3","3651.39","There are various ways for students to find accommodation near the University of Osnabrück.

The first point of contact for student housing is the housing center of the Studentenwerk at [Studentenwerk Osnabrück website](https://www.studentenwerk-osnabrueck.de/de/wohnen.html). In addition to dormitory places, it also mediates some apartments on the open market. A total of around 2000 dormitory places are available. The housing options range from single rooms to shared apartments and family apartments.

Those looking for a quick interim solution can find options at the Osnabrücker Mitwohnzentrale ""zweitraum"" at [Zweitraum Osnabrück website](https://zweitraum-osnabrueck.de/mitwohnzentrale-osnabrueck-mieten.html). It provides short-term cohabitation opportunities. Fees apply depending on the rental duration and the rent amount.

On Wednesdays and Saturdays, apartments are offered in the housing market of the Neue Osnabrücker Zeitung. Housing offers and requests can be posted online on the university's bulletin board. Of course, there are also numerous websites on the internet that can help with the apartment search.

Further information can be found on the [Wohnen UOS website](https://www.uni-osnabrueck.de/studieninteressierte/leben-in-osnabrueck/wohnen/).","[Website Studentenwerk Osnabrück](https://www.studentenwerk-osnabrueck.de/de/wohnen.html); [Website Zweitraum Osnabrück](https://zweitraum-osnabrueck.de/mitwohnzentrale-osnabrueck-mieten.html) ; [Website Living UOS](https://www.uni-osnabrueck.de/studieninteressierte/leben-in-osnabrueck/wohnen/)"
"Die Universität Osnabrück verfügt über ein vielseitiges Angebot an Hochschulsport. Eine Übersicht aller Sportangebote findest du unter [Hochschulsport Sportangebote](https://buchung.zfh.uni-osnabrueck.de/angebote/aktueller_zeitraum/index.html).

Ebenso verfügt die Universität Osnabrück über zahlreiche musikalische Ensembles wie den Universitätschor, den Unipopchor oder die Uni Big Band, die Studierende aller Fakultäten zur Teilnahme einladen. Weitere Ensembles findest du unter [Webseite Ensembles UOS](https://www.musik.uni-osnabrueck.de/praxis/ensembles.html).","[Hochschulsport Sportangebote](https://buchung.zfh.uni-osnabrueck.de/angebote/aktueller_zeitraum/index.html)  ; [Webseite Ensembles UOS](https://www.musik.uni-osnabrueck.de/praxis/ensembles.html)","213","8","enrolled","A2","A2","","A5","A4","Cognitive Science","A3","3651.39","The University of Osnabrück offers a diverse range of university sports. An overview of all sports offerings can be found at [University Sports Offerings](https://buchung.zfh.uni-osnabrueck.de/angebote/aktueller_zeitraum/index.html).

The University of Osnabrück also has numerous musical ensembles such as the University Choir, the Unipop Choir, or the Uni Big Band, which invite students from all faculties to participate. More ensembles can be found at [Website Ensembles UOS](https://www.musik.uni-osnabrueck.de/praxis/ensembles.html).","[University Sports Offerings](https://buchung.zfh.uni-osnabrueck.de/angebote/aktueller_zeitraum/index.html)  ; [Website Ensembles UOS](https://www.musik.uni-osnabrueck.de/praxis/ensembles.html)"
"Je nachdem für welchen Studiengang Sie sich entscheiden, stehen Ihnen diverse Karrieremöglichkeiten nach einem Studienabschluss zur Verfügung. 

Um Ihnen spezifische Karrieremöglichkeiten nennen zu können, nennen Sie mir bitte den Studiengang für den Sie sich gerade interessieren.","","230","8","enrolled","A2","A2","","A5","A4","Cognitive Science","A3","3651.39","Depending on which degree program you choose, various career opportunities are available to you after graduation.

To be able to name specific career opportunities for you, please tell me the degree program you are currently interested in.",""
"Der Bewerbungszeitraum für das Sommersemester 2025 beginnt am 12.02.2024 und endet je nach Studiengang bspw. am:

31.01.2025 für zulassungsfreie grundständige Ein-Fach-Bachelor Studiengänge für höhere Fachsemester
15.01.2025 für zulassungsbeschränkte grundständige Bachelor-Studiengänge für höhere Fachsemester

Fristen für weitere Studiengangsarten finden Sie auf: ""[Den FAQ's auf der Uni-Bewerbungsinfoseite](https://www.uni-osnabrueck.de/studieninteressierte/bewerbung/online-bewerbung/#c270129)"" 

Bitte beachten Sie, dass der Studienstart im Sommersemester, für nicht-Master Studiengänge, in der Regel nur für höhere Fachsemester möglich ist. 
Weitere Informationen dazu finden Sie auf: [Der Bewerbungsseite der Universität](https://www.uni-osnabrueck.de/studieninteressierte/bewerbung/online-bewerbung/
)

Die Bewerbungsfristen sind meines Wissensstandes nach noch nicht bekannt. Einschreibung in nicht zulassungsbeschränkte Studiengänge ist aber üblicherweise bis 30. September möglich und Informationen zu zulassungsbeschränkungen werden ab Mai veröffentlicht.

Wenn Sie genauere Informationen benötigen, nennen Sie mir bitte Ihr Studienfach!","[Infowebsite mit aktuellen Infos zur Bewerbung](https://www.uni-osnabrueck.de/studieninteressierte/bewerbung/online-bewerbung/); [Website mit Terminen und Fristen](https://www.uni-osnabrueck.de/studieninteressierte/studienbeginn/termine-und-fristen/#c7622)","273","9","enrolled","A2","A1","","A4","A4","Cognitive Science","A1","3643.83","The application period for the summer semester 2025 begins on 02/12/2024 and ends, depending on the program, for example on:

01/31/2025 for non-restricted single-subject bachelor's programs for higher semesters
01/15/2025 for restricted bachelor's programs for higher semesters

Deadlines for other types of programs can be found at: ""[The FAQ's on the university application info page](https://www.uni-osnabrueck.de/studieninteressierte/bewerbung/online-bewerbung/#c270129)""

Please note that starting studies in the summer semester, for non-master programs, is generally only possible for higher semesters. More information can be found at: [The university's application page](https://www.uni-osnabrueck.de/studieninteressierte/bewerbung/online-bewerbung/)

To my knowledge, the application deadlines are not yet known. Enrollment in non-restricted programs is usually possible until September 30, and information on restrictions will be published from May.

If you need more detailed information, please let me know your field of study!","[Info website with current information on the application](https://www.uni-osnabrueck.de/studieninteressierte/bewerbung/online-bewerbung/); [Website with dates and deadlines](https://www.uni-osnabrueck.de/studieninteressierte/studienbeginn/termine-und-fristen/#c7622)"
"An der Universität Osnabrück stehen Studierenden mit Behinderungen diverse Ressourcen zur Verfügung.
Von Unterstützung der akademischen Karriere, wie Härtefallprüfung bei Bewerbung und Zulassung und Nachteilsausgleich bei Studien- und Prüfungsleistungen, über Unterstützung im Studienalltag, wie Schriftdolmetscher für Vorlesungen, Finanzielle Unterstützung durch diverse Stipendien und Fördergelder oder Begleitung durch andere Studiernende in den ersten Studienwochen.

Für weitere Informationen besuchen Sie die Website [Seite mit Informationen für Studierende mit Behinderungen](https://www.uni-osnabrueck.de/studieninteressierte/erste-orientierung/studieren-mit-behinderung-und-chronischer-erkrankung) 
oder kontaktieren Sie die Beauftragte für Studierende mit Behinderung und chronischer Erkrankung:

Christine Kammler, M.A.

Tel.: +49 541 969 6366
christine.kammler@uni-osnabrueck.de

Raum: 19/118
Zentrale Studienberatung (ZSB)
Neuer Graben 27
49074 Osnabrück
"," [Seite mit Informationen für Studierende mit Behinderungen](https://www.uni-osnabrueck.de/studieninteressierte/erste-orientierung/studieren-mit-behinderung-und-chronischer-erkrankung) ","333","9","enrolled","A2","A1","","A4","A4","Cognitive Science","A1","3643.83","At the University of Osnabrück, students with disabilities have access to various resources. From support for academic careers, such as hardship assessments during application and admission, and compensation for disadvantages in study and examination performance, to support in everyday study life, such as sign language interpreters for lectures, financial support through various scholarships and grants, or accompaniment by other students during the first weeks of study.

For more information, visit the website [Page with information for students with disabilities](https://www.uni-osnabrueck.de/studieninteressierte/erste-orientierung/studieren-mit-behinderung-und-chronischer-erkrankung) or contact the representative for students with disabilities and chronic illnesses:

Christine Kammler, M.A.

Tel.: +49 541 969 6366
christine.kammler@uni-osnabrueck.de

Room: 19/118
Central Student Advisory Service (ZSB)
Neuer Graben 27
49074 Osnabrück"," [Page with information for students with disabilities](https://www.uni-osnabrueck.de/studieninteressierte/erste-orientierung/studieren-mit-behinderung-und-chronischer-erkrankung) "
"Auf der Website [Studiengänge der Universität Osnabrück von A-Z](https://www.uni-osnabrueck.de/studieninteressierte/studiengaenge-a-z/) finden Sie Informationen zu den Inhalten aller Studiengänge der Universität Osnabrück.
Bitte nennen Sie mir, für spezifische Informationen zu einem bestimmten Stundiengang, den Namen des gewünschten Studiengangs.","[Studiengänge der Universität Osnabrück von A-Z](https://www.uni-osnabrueck.de/studieninteressierte/studiengaenge-a-z/) ","240","9","enrolled","A2","A1","","A4","A4","Cognitive Science","A1","3643.83","On the website [Degree Programs of the University of Osnabrück from A-Z](https://www.uni-osnabrueck.de/studieninteressierte/studiengaenge-a-z/), you will find information about the contents of all degree programs at the University of Osnabrück. Please provide me with the name of the desired degree program for specific information about a particular program.","[Degree programs at the University of Osnabrück from A-Z](https://www.uni-osnabrueck.de/studieninteressierte/studiengaenge-a-z/) "
"Die Universität Osnabrück bietet ein breites Sportangebot an. Hochschulsport Osnabrück ermöglicht es, dass Studierende kostenfreie sowie kostenpflichtige Kurse bezüglich Sport und Fitness belegen können und das aus einem sehr breiten Angebot.

Hier findest du das Anmeldeverfahren:
""Anmeldung für ein Sportangebot
Für alle anmeldepflichtigen Angebote wird - sofern im Text nichts anderes genannt ist - das folgende Verfahren angewendet.

Die Buchung eines Platzes für ein Sportangebot wird im Folgenden beispielhaft anhand eines Aqua-Fitnesskurses erläutert:

Am schnellsten gelangt ihr zum konkreten Kursangebot, indem ihr in unserer Hauptnavigation den Menüpunkt „Sportangebote“ auswählt und anschließend auf „Sportarten A-Z“ geht.
Hier den Buchstaben ""A"" für Aqua-Fitness anklicken und das entsprechende Aqua-Fitnessangebot auswählen.
Unter den Informationen zum Aqua-Fitnessangebot befindet sich eine Buchungstabelle. Mit dem Anklicken des grünen Buttons ""Buchen"" beginnt die Anmeldung für den entsprechenden Kurs. Wichtig: Der Kursplatz wird mit dem Anklicken des Buchungsbuttons nicht reserviert, sondern erst mit dem Abschluss der Buchung vergeben.
Es öffnet sich ein Formular, in dem die persönlichen Daten eingeben werden müssen. Die mit „*“ gekennzeichneten Felder sind Pflichtfelder. Sofern es sich um einen kostenpflichtigen Kurs handelt, müssen auch die Bankdaten eingegeben werden. Die Bezahlung des Sportkurses erfolgt per Lastschrifteinzug.
Anschließend muss durch das Setzen von zwei Häkchen noch den Teilnahmebedingungen sowie der Verarbeitung personenbezogener Daten und dem Lastschrifteinzug zugestimmt werden.
Nach dem Klick auf „Weiter zur Buchung“ können die Daten noch einmal überprüft werden bevor die Anmeldung endgültig abgeschickt wird. An dieser Stelle besteht die Möglichkeit, ein Passwort festzulegen. Dies hat den Vorteil, dass bei weiteren Buchungen von Hochschulsportangeboten, nicht sämtliche Daten neu eingeben werden müssen, sondern lediglich die E-Mailadresse in Verbindung mit dem Passwort benötigt wird.
Mit dem Klick auf „verbindlich buchen“ bzw. „kostenpflichtig buchen“ wird die Buchung abgeschlossen und die Daten werden an uns übermittelt.
Auf dem Bildschirm erscheint nun die Anmeldebestätigung mit dem Teilnahmeticket für den gebuchten Kurs. Dieses Ticket ist zusammen mit dem Studierenden- bzw. Dienstausweis zu jedem Kurstermin mitzubringen. Das Ticket ist nicht übertragbar.

Sofern anstelle des grünen Buttons „Buchen“ der rote Button „Infoservice“ in der Buchungstabelle erscheint, ist das Angebot vorläufig ausgebucht. Es besteht die Möglichkeit sich durch das Anklicken des Buttons und unter Angabe einer E-Mailadresse über freigewordene Plätze informieren zu lassen.
Wichtig: Es wird lediglich eine Informationsmail verschickt, dass Plätze frei geworden sind. Sollte weiterhin Interesse an einer Teilnahme bestehen, muss noch die Anmeldung in der oben beschriebenen Weise durchgeführt werden.""


Weitere Informationen findest du auf der Seite des Hochschulsports (https://zfh.uni-osnabrueck.de/startseite.htmlhttps://zfh.uni-osnabrueck.de/startseite.html).","[Website Anmeldeverfahren](https://zfh.uni-osnabrueck.de/service/anmeldeverfahren.html); [Startseite Hochschulsport](https://zfh.uni-osnabrueck.de/startseite.html)","238","10","enrolled","A2","A2","","A4","A4","Cognitive Science","A2","1454.09","The University of Osnabrück offers a wide range of sports activities. University Sports Osnabrück allows students to enroll in both free and paid courses related to sports and fitness from a very broad selection.

Here you will find the registration procedure:
""Registration for a sports offer
For all offers that require registration - unless otherwise stated in the text - the following procedure is applied.

The booking of a place for a sports offer is explained below using an Aqua Fitness course as an example:

You can access the specific course offer most quickly by selecting the ""Sports Offers"" menu item in our main navigation and then going to ""Sports A-Z.""
Click on the letter ""A"" for Aqua Fitness and select the corresponding Aqua Fitness offer.
Under the information about the Aqua Fitness offer, there is a booking table. By clicking the green ""Book"" button, the registration for the corresponding course begins. Important: The course place is not reserved by clicking the booking button, but is only assigned upon completion of the booking.
A form opens in which personal data must be entered. The fields marked with ""*"" are mandatory. If it is a paid course, bank details must also be entered. Payment for the sports course is made by direct debit.
Subsequently, two checkmarks must be set to agree to the terms of participation, the processing of personal data, and the direct debit.
After clicking ""Continue to Booking,"" the data can be reviewed again before the registration is finally submitted. At this point, there is the option to set a password. This has the advantage that for further bookings of university sports offers, not all data needs to be re-entered, but only the email address in connection with the password is required.
By clicking ""binding booking"" or ""paid booking,"" the booking is completed, and the data is transmitted to us.
The registration confirmation with the participation ticket for the booked course now appears on the screen. This ticket must be brought to each course session along with the student or service ID. The ticket is non-transferable.

If instead of the green ""Book"" button, the red ""Info Service"" button appears in the booking table, the offer is temporarily fully booked. There is the option to be informed about available spots by clicking the button and providing an email address.
Important: Only an information email is sent that spots have become available. If there is still interest in participating, registration must be carried out in the manner described above.""

Further information can be found on the University Sports page (https://zfh.uni-osnabrueck.de/startseite.htmlhttps://zfh.uni-osnabrueck.de/startseite.html).","[Website registration process](https://zfh.uni-osnabrueck.de/service/anmeldeverfahren.html); [Homepage University Sports](https://zfh.uni-osnabrueck.de/startseite.html)"
"Die Universität Osnabrück ist gut erreichbar und verfügt über mehrere Standorte, hauptsächlich das Schloss und den Campus Westerberg.

Anreise mit öffentlichen Verkehrsmitteln:
Vom Hauptbahnhof: Die Innenstadt ist etwa 15 Gehminuten entfernt. Busse vom Bussteig 1 fahren Richtung Innenstadt; die nächstgelegenen Haltestellen zum Schloss sind ""Neumarkt"" oder ""Universität/OsnabrückHalle"". 
Zum Campus Westerberg: Vom Hauptbahnhof aus verkehren die Buslinien 16 (Richtung ""Eversburg/Büren"") und 17 (Richtung ""Attersee"" oder ""Atter Strothesiedlung"") direkt zum Universitätsstandort Westerberg, Haltestelle ""Botanischer Garten"". Die Fahrzeit beträgt etwa 20 Minuten, mit einer Frequenz von zehn Minuten. 

Anreise mit dem Auto:
Osnabrück ist über die Autobahnen A1, A30 und A33 gut angebunden. Geeignete Abfahrten zum Institut für Umweltsystemforschung (IUSF) am Campus Westerberg sind ""OS-Hafen"" (A1, Abfahrt 71) und ""OS-Hellern"" (A30, Abfahrt 16). 

Anreise mit dem Flugzeug:
Der nächstgelegene Flughafen ist Münster/Osnabrück. Von dort verkehrt der Expressbus X150 zum Neumarkt in Osnabrück. Weitere Flughäfen in der Umgebung sind Bremen, Hannover, Hamburg, Düsseldorf, Köln/Bonn und Frankfurt, von denen regelmäßig Züge nach Osnabrück fahren. 

Campus-Standorte:
Schloss: Befindet sich in der Innenstadt und ist zentral gelegen.
Campus Westerberg: Liegt westlich des Stadtzentrums und beherbergt unter anderem das Institut für Umweltsystemforschung. ","[Lageplan Uni Osnabrück Anreise](https://www.uni-osnabrueck.de/universitaet/lageplaene/anreise/); [Lageplan Institut Umweltsystemforschung](https://www.usf.uni-osnabrueck.de/institut/anreise.html)","92","10","enrolled","A2","A2","","A4","A4","Cognitive Science","A2","1454.09","The University of Osnabrück is easily accessible and has several locations, mainly the castle and the Westerberg campus.

Arrival by public transport:
From the main train station: The city center is about a 15-minute walk away. Buses from platform 1 head towards the city center; the nearest stops to the castle are ""Neumarkt"" or ""Universität/OsnabrückHalle.""
To the Westerberg campus: From the main train station, bus lines 16 (direction ""Eversburg/Büren"") and 17 (direction ""Attersee"" or ""Atter Strothesiedlung"") go directly to the university location Westerberg, stop ""Botanischer Garten."" The travel time is about 20 minutes, with a frequency of ten minutes.

Arrival by car:
Osnabrück is well connected via the A1, A30, and A33 motorways. Suitable exits for the Institute for Environmental Systems Research (IUSF) at the Westerberg campus are ""OS-Hafen"" (A1, exit 71) and ""OS-Hellern"" (A30, exit 16).

Arrival by plane:
The nearest airport is Münster/Osnabrück. From there, the express bus X150 runs to Neumarkt in Osnabrück. Other airports in the area are Bremen, Hanover, Hamburg, Düsseldorf, Cologne/Bonn, and Frankfurt, from which trains regularly run to Osnabrück.

Campus locations:
Castle: Located in the city center and centrally situated.
Westerberg Campus: Located west of the city center and houses, among others, the Institute for Environmental Systems Research.","[Site plan University of Osnabrück Arrival](https://www.uni-osnabrueck.de/universitaet/lageplaene/anreise/); [Site plan Institute of Environmental Systems Research](https://www.usf.uni-osnabrueck.de/institut/anreise.html)"
"Leider kann ich dir keine Informationen über Events außerhalb der Universität bieten.

Jedoch, die Zentrale Studienberatung der Universität Osnabrück in den kommenden Monaten eine Vielzahl von Veranstaltungen an. 
Hier eine Auswahl der bevorstehenden Events:

Gruppenberatung für internationale Studieninteressierte (Online-Veranstaltung)
Diese Veranstaltung bietet Orientierung im deutschen Hochschulsystem und Unterstützung bei der Studienwahl. Termin: 7. Januar 2025. 

„Wirtschaft studieren – Management, im Gesundheitswesen oder Wirtschaftsrecht?“
Informationen zum Wirtschaftsstudium an der Hochschule Osnabrück. Termin: 8. Januar 2025. 

Neustart
Ein Austausch mit Impulsen zur Neuorientierung für Studierende mit Studienzweifeln. Termin: 9. Januar 2025. 

Das Niedersachsen-Technikum (Online-Veranstaltung)
Infoveranstaltung für (Fach-)Abiturientinnen mit Interesse an Mathematik, Informatik, Naturwissenschaften und Technik. Termin: 15. Januar 2025. ","https://www.zsb-os.de/veranstaltungen","186","10","enrolled","A2","A2","","A4","A4","Cognitive Science","A2","1454.09","Unfortunately, I cannot provide you with information about events outside the university.

However, the Central Student Advisory Service of the University of Osnabrück is offering a variety of events in the coming months. Here is a selection of the upcoming events:

Group counseling for international prospective students (online event)
This event offers orientation in the German higher education system and support in choosing a course of study. Date: January 7, 2025.

""Studying Business – Management, in Healthcare or Business Law?""
Information about studying business at Osnabrück University of Applied Sciences. Date: January 8, 2025.

Restart
An exchange with impulses for reorientation for students with doubts about their studies. Date: January 9, 2025.

The Lower Saxony Technical Program (online event)
Information event for (technical) high school graduates interested in mathematics, computer science, natural sciences, and technology. Date: January 15, 2025.","https://www.zsb-os.de/veranstaltungen"
"Unter Semesterdaten verstehen sich die Termine und Fristen der Universität Osnabrück [Termine und Fristen](https://www.uni-osnabrueck.de/studieninteressierte/studienbeginn/termine-und-fristen/). Dies sind u.a. Semestertermine, die den Start und das Ende des Semesters angeben und über Ferien informieren. Weiter gibt es noch verschiedene weitere Termine, vor allem jedoch Deadlines für Bewerbungen und Rückmeldungen an der Uni.","[Uni Osnabrück - Termine und Fristen](https://www.uni-osnabrueck.de/studieninteressierte/studienbeginn/termine-und-fristen/)","196","11","enrolled","A2","A2","","A4","A4","Cognitive Science","A1","1139.17","Semester data refers to the dates and deadlines of the University of Osnabrück [Dates and Deadlines](https://www.uni-osnabrueck.de/studieninteressierte/studienbeginn/termine-und-fristen/). These include, among others, semester dates that indicate the start and end of the semester and provide information about holidays. Additionally, there are various other dates, primarily deadlines for applications and re-registrations at the university.","[University of Osnabrück - Dates and Deadlines](https://www.uni-osnabrueck.de/studieninteressierte/studienbeginn/termine-und-fristen/)"
"Tut mir leid, dazu habe ich auf der Website der Univerisität Osnabrück keine Informationen gefunden.","","113","11","enrolled","A2","A2","","A4","A4","Cognitive Science","A1","1139.17","I'm sorry, I couldn't find any information about that on the University of Osnabrück's website.",""
"Bitte präzisiere wofür du dich anmelden möchtest. Möchtest du dich für einen Studiengang anmelden, oder bspw. für die Nutzung der Bibliothek?","","341","11","enrolled","A2","A2","","A4","A4","Cognitive Science","A1","1139.17","Please specify what you would like to register for. Would you like to enroll in a degree program, or for example, register for the use of the library?",""
