"question_text","role","program","participant_id","question_id","question_language","age","gender","gender[other]","educationlevel","educationstatus","familiar","interviewtime","demographics_time","question_time","email_time"
"What do students usually learn in cognitive science?","enrolled","Cognitive Science","17","2","en","A2","A2","","A4","A4","A2","415.44","38.97","356.76","19.71"
"Ich möchte hier studieren, wo kann ich mehr Infos über verschiedene Studiengänge finden?","enrolled","Bachelor of Science Cognitive Science","18","3","de","A2","A1","","A4","A4","A2","539.12","66.19","456.09","16.84"
"Wie erreiche ich das Students Office?","enrolled","Cognitive Science","19","4","de","A3","A2","","A5","A4","A1","419.18","34.73","379.1","5.35"
"Wie könnte mein Stundenplan im Studiengang Cognitive Science in den ersten drei Semestern aussehen?","enrolled","Cognitive Science","20","5","de","A2","A2","","A4","A4","A2","443.46","49.35","347.8","46.31"
"Welche Studiengänge gibt es, die ausschließlich auf Englisch unterrichtet werden?","enrolled","Cognitive Science","21","6","de","A2","A2","","A5","A4","A3","848.8","55.92","751.32","41.56"
"wo kann ich informationen zu dem Dekanat aus meinem Fachbereich finden. Ich studiere Cognitive Science.","enrolled","Cognitive Science","22","7","de","A3","A1","","A3","A4","A1","395.81","36.07","347.91","11.83"
"Wie melde ich mich in der Uni-Bibliothek an?","enrolled","Cognitive Science","23","8","de","A2","A2","","A4","A4","A2","496.45","76.49","396.08","23.88"
"Welche Master Studiengänge kann ich mit einem Cognitive Science Bachelor machen?","international","Bachelor of Science, Cognitive Science","24","9","de","A2","A2","","A4","A5","A1","531.26","48.45","447.18","35.63"
"Ich studiere Cognitive Science. Auf welchen Seiten der Universität kann ich aktuelle und korrekte Informationen zum Thema Pflicht-Auslandssemester erhalten? ","enrolled","Bachelor of Science, Cognitive Science","26","10","de","A2","A1","","A4","A4","A1","1198.34","78.39","1090.87","29.08"
"Ich studiere Cognitive Science, wie kann ich von der alten zur neuen Pruefungsordnung wechselen?","enrolled","Cognitive Science","27","11","de","A2","A1","","A4","A4","A1","438.64","64.2","357.17","17.27"
"Kann ich mich für Master Cognitive science bewerben bevor ich mein Bachelor Abschluss Habe? ","enrolled","Cognitive Science","28","12","de","A3","A1","","A2","A4","A2","770.65","396.13","364.82","9.7"
"
Hi, I want study cognitive Science in the University of Osnabrück. Where can I find the regulations on what I need to finish the bachelor. As in what classes I need to take and what options I have.","enrolled","Cognitive Science","29","13","en","A2","A2","","A4","A4","A1","886.18","99.94","636.79","149.45"
"Wie kann ich mich auf dem Campus zurechtfinden bzw. orientieren?","enrolled","Cognitive Science B.Sc.","31","14","de","A2","A2","","A4","A4","A3","485.73","47.36","423.78","14.59"
"Wo finde ich die Prüfungsordnung vom Bachelor in Cognitive Science?","enrolled","Cognitive Science","35","15","de","A2","A1","","A4","A4","A2","972.32","141.77","803.98","26.57"
"Wo finde ich das Modulhandbuch zum BA Psychologie? ","enrolled","Psychologie","36","16","de","A2","A2","","A5","A4","A2","1634.31","27.81","1526.32","80.18"
"Welche Studiengänge bietet die Universität Osnabrück an, und gibt es eine Übersicht der Bachelor- und Masterprogramme?","other",".","37","17","de","A8","A3","","A10","A8","A6","651.14","419.28","194.43","37.43"
"Gibt es einen NC für mein Studienfach?
Wenn JA, wo kann ich diesen finden?","enrolled","Lehramt für berufsbildende Schulen","39","18","de","A3","A1","","A5","A4","A2","310.06","54.0","244.02","12.04"
"Wie sind die Öffnungszeiten der Bibliothek Heger-Tor-Wall?","enrolled","Wirtschaftsrecht","43","20","de","A2","A2","","A4","A4","A3","343.07","45.47","292.08","5.52"
"Wo finde ich einen Gebäudeplan der Universität Osnabrück?","enrolled","Wirtschaftsrecht","46","21","de","A3","A2","","A6","A4","A4","471.32","61.98","394.89","14.45"
"Was tut die Universität Osnabrück konkret, um marginalisierte Gruppen im Studienleben zu fördern?","enrolled","","47","22","de","A3","-oth-","Nichtbinär","A5","A4","A3","392.53","39.66","344.84","8.03"
"Was sind die Öffnungszeiten des Prüfungsamt Cognitive Science? ","other","","49","23","de","A3","A2","","A6","A7","A2","531.24","61.25","464.91","5.08"
"How do I get a new Campus card?","enrolled","Cognitive Science","50","24","en","A3","A2","","A4","A4","A2","236.81","29.64","192.72","14.45"
"Welche Kurse muss ich belegen?","enrolled","Master Lehramt an Gymnasien","51","25","de","A3","A2","","A5","A4","A3","440.72","70.19","358.17","12.36"
"How much does it cost to live in Osnabrück as an international student?","enrolled","Cognitive Science","52","26","en","A3","A2","","A5","A4","A1","411.74","52.45","296.34","62.95"
"What scholarships are available for international Master’s students at Osnabrück University?","international","Cognitive Science","53","27","en","A3","A2","","A6","A5","A1","534.43","81.53","387.84","65.06"
"Wo kann ich die neuen study regulations für Cognitive Science ab dem Wintersemester 24/25 finden?","enrolled","Cognitive Science","54","28","de","A2","A2","","A4","A4","A2","420.47","58.39","343.54","18.54"
"Wo finde ich das Formular zur Anmeldung meiner Bachelorarbeit?","enrolled","Cognitive Science, B.Sc.","57","30","de","A2","A2","","A4","A4","A1","354.19","40.38","241.74","72.07"
"Welche Studiengänge gilt es auf der Universität ","other","","71","31","de","A2","A2","","A4","A1","A2","250.56","64.16","177.46","8.94"
"Wie viel kostet mich ein Semester an der Uni?","prospective","","72","32","de","A1","A2","","A4","A2","A4","743.18","413.85","310.76","18.57"
"Welche Studiengänge sind an der Uni vertreten?","enrolled","Rechtswissenschaften","77","33","de","A2","A2","","A4","A4","A2","565.25","84.76","461.16","19.33"
"Wer sind die Ansprechpartner bezüglich eines Studienstarts? ","prospective","","85","35","de","A1","A2","","A4","A2","A5","658.58","153.64","496.42","8.52"
"Welche Studiengänge werden Angeboten?","prospective","","86","36","de","A1","A2","","A4","A2","A3","460.74","57.33","389.96","13.45"
"Welche Studiengänge kann man an der Uni Osnabrück studieren?","prospective","","88","37","de","A1","A2","","A2","A2","A2","414.7","135.11","264.4","15.19"
"Wie viele Studenten sind da?","other","","92","38","de","A1","A2","","A2","A1","A2","303.55","63.41","232.83","7.31"
"Welche Studiengänge werden angeboten?","other","","93","39","de","A1","A2","","A2","A1","A2","641.42","187.82","435.48","18.12"
"Bieten sie grundschullehramt Studiengänge an?
","prospective","","99","41","de","A2","A2","","A2","A2","A3","1202.31","154.2","1036.36","11.75"
"Ist das Studium Biologie zulassungsbeschränkt?","enrolled","Biologie","102","42","de","A2","A2","","A4","A4","A2","506.07","60.73","432.18","13.16"
"Welche Studiengänge gibt es?","other","","109","44","de","A1","A2","","A2","A1","A3","278.85","83.17","187.82","7.86"
"Welche Fächer werden an dieser Uni unterrichtet ","prospective","","112","45","de","A1","A1","","A2","A2","A1","374.51","103.69","254.58","16.24"
"Was für Studiengänge gibt es?","other","","114","46","de","A1","A2","","A2","A1","A3","269.69","53.81","192.19","23.69"
"Welche Studienfächer gibt es an der Universität?","enrolled","Soziologie","115","47","de","A3","A2","","A5","A4","A4","231.12","45.58","178.93","6.61"
"Was kann ich alles studieren?","other","","117","48","de","A1","A1","","A2","A1","A3","172.49","56.36","110.6","5.53"
"Welche Kurse gibt es dieses Semester im Bereich Cognitive Science (Bachelor)?","enrolled","Cognitive Science","118","49","de","A2","A2","","A4","A4","A2","493.27","35.0","423.33","34.94"
"Wie lange dauert ein Studium?","prospective","","119","50","de","A1","A1","","A2","A2","A3","180.71","41.57","133.58","5.56"
"What academic programs are offered at Osnabrück University, especially in the fields of science and technology?","international","Cognitive science","120","51","en","A2","A1","","A4","A5","A3","278.49","64.85","181.97","31.67"
"Was muss ich alles für meine Immatrikulation erledigen?","enrolled","Cognitive Science","16","52","de","A2","A1","","A4","A4","A1","296.44","41.96","235.25","19.23"
"Is University of Osnabrück an international student friendly campus?","enrolled","Cognitive Science","17","53","en","A2","A2","","A4","A4","A2","415.44","38.97","356.76","19.71"
"Ich muss eine Präsentation machen, wo finde ich Vorlagen in verschiedenen Dateiformaten?","enrolled","Bachelor of Science Cognitive Science","18","54","de","A2","A1","","A4","A4","A2","539.12","66.19","456.09","16.84"
"Wann fängt da nächste Semester an?","enrolled","Cognitive Science","19","55","de","A3","A2","","A5","A4","A1","419.18","34.73","379.1","5.35"
"An wen muss ich mich wenden, wenn ich im nächsten Jahr ein Auslandssemester plane?","enrolled","Cognitive Science","20","56","de","A2","A2","","A4","A4","A2","443.46","49.35","347.8","46.31"
"In welchen Ländern hat die Universität Osnabrück Partnerschaften für ein Auslandssemester?","enrolled","Cognitive Science","21","57","de","A2","A2","","A5","A4","A3","848.8","55.92","751.32","41.56"
"Was gibt es heute in der Mensa Westerberg zu essen?","enrolled","Cognitive Science","23","59","de","A2","A2","","A4","A4","A2","496.45","76.49","396.08","23.88"
"Wo ist das International Office?","international","Bachelor of Science, Cognitive Science","24","60","de","A2","A2","","A4","A5","A1","531.26","48.45","447.18","35.63"
"Ich möchte mein Pflicht-Auslandssemester in Form eines Auslandspraktikums durchführen. Darf ich dieses Praktikum theoretisch auch in den Sommerferien abschließen, falls es ein Projekt gibt wo dies zeitlich passen würde, oder darf ich es nur während dem Semester machen?","enrolled","Bachelor of Science, Cognitive Science","26","61","de","A2","A1","","A4","A4","A1","1198.34","78.39","1090.87","29.08"
"Welche Kurse sind fuer Cognitive Science studenten im naechstne semester verfuegbar?","enrolled","Cognitive Science","27","62","de","A2","A1","","A4","A4","A1","438.64","64.2","357.17","17.27"
"Was ist die Bewerbungsfrist für den Masterstudiengang Cognitive science für das Kommende Sommer Semester? ","enrolled","Cognitive Science","28","63","de","A3","A1","","A2","A4","A2","770.65","396.13","364.82","9.7"
"Where can I find information on my semester abroad? What do I need to hand in and where do I apply? ","enrolled","Cognitive Science","29","64","en","A2","A2","","A4","A4","A1","886.18","99.94","636.79","149.45"
"Gibt es eine zentrale Anlaufstelle, bei der ich jede beliebige Frage stellen kann?","enrolled","Cognitive Science B.Sc.","31","65","de","A2","A2","","A4","A4","A3","485.73","47.36","423.78","14.59"
"Wie lange dauert es in Regelstudienzeit Psychologie zu studieren?","enrolled","Psychologie","36","67","de","A2","A2","","A5","A4","A2","1634.31","27.81","1526.32","80.18"
"Wie läuft der Bewerbungsprozess für internationale Studierende ab, und welche Dokumente werden benötigt?","other",".","37","68","de","A8","A3","","A10","A8","A6","651.14","419.28","194.43","37.43"
"Wer ist der/ die Ansprechpartner*in für mein Studienfach? bzw. für mein spezifische Anliegen?","enrolled","Lehramt für berufsbildende Schulen","39","69","de","A3","A1","","A5","A4","A2","310.06","54.0","244.02","12.04"
"Wo finde ich Informationen zu einem möglichen Auslandsaufenthalt?","enrolled","","42","70","de","A2","A2","","A4","A4","A5","392.59","42.69","339.2","10.7"
"Wann hat die Mensa Schlossgarten heute geöffnet?","enrolled","Wirtschaftsrecht","43","71","de","A2","A2","","A4","A4","A3","343.07","45.47","292.08","5.52"
"Wie funktioniert das Raumnummerierungssystem?","enrolled","Wirtschaftsrecht","46","72","de","A3","A2","","A6","A4","A4","471.32","61.98","394.89","14.45"
"Sind die oberen Führungsebenen der Universität Osnabrück durchschnittlich Weiß und männlich?","enrolled","","47","73","de","A3","-oth-","Nichtbinär","A5","A4","A3","392.53","39.66","344.84","8.03"
"Wann beginnt das neue Semester?","other","","49","74","de","A3","A2","","A6","A7","A2","531.24","61.25","464.91","5.08"
"Where do I find the map of the campus","enrolled","Cognitive Science","50","75","en","A3","A2","","A4","A4","A2","236.81","29.64","192.72","14.45"
"Was gibt es für Veranstaltungen an der Uni, an denen ich neues kennenlernen kann?","enrolled","Master Lehramt an Gymnasien","51","76","de","A3","A2","","A5","A4","A3","440.72","70.19","358.17","12.36"
"What are the part-time job opportunities for students in Osnabrück?","enrolled","Cognitive Science","52","77","en","A3","A2","","A5","A4","A1","411.74","52.45","296.34","62.95"
"What health and counseling services are available for international students?","international","Cognitive Science","53","78","en","A3","A2","","A6","A5","A1","534.43","81.53","387.84","65.06"
"Gibt es eine App in der ich das Angebot der Mensa einsehen kann?","enrolled","Cognitive Science","54","79","de","A2","A2","","A4","A4","A2","420.47","58.39","343.54","18.54"
"Wann endet der Rückmeldungszeitraum dieses Senester?","enrolled","Cognitive Science","56","80","de","A3","A1","","A4","A4","A2","1054.06","45.21","962.92","45.93"
"Ist ein Auslandssemester für den Bachelor Abschluss in Cognitive Science notwendig?","enrolled","Cognitive Science, B.Sc.","57","81","de","A2","A2","","A4","A4","A1","354.19","40.38","241.74","72.07"
"Welchen Abschluss brauche ich ","other","","71","82","de","A2","A2","","A4","A1","A2","250.56","64.16","177.46","8.94"
"Wo finde ich Wohnungsmöglichkeiten in der Nähe der Uni? ","prospective","","72","83","de","A1","A2","","A4","A2","A4","743.18","413.85","310.76","18.57"
"Wo ist (Bsp: Raum. 01/E01)?","enrolled","Rechtswissenschaften","77","84","de","A2","A2","","A4","A4","A2","565.25","84.76","461.16","19.33"
"How should I decide which scholarship grant to apply to given my personal situation?","international","Cognitive Science","83","85","en","A2","A2","","A4","A5","A4","483.54","71.2","349.62","62.72"
"Welche Studiengänge gibt es an der Universität Osnabrück?","prospective","","85","86","de","A1","A2","","A4","A2","A5","658.58","153.64","496.42","8.52"
"Besteht die Möglichkeit an Auslandsaufenthalten teilzunehmen?","prospective","","86","87","de","A1","A2","","A4","A2","A3","460.74","57.33","389.96","13.45"
"Wie bewirbt man sich für ein Studium, und braucht man dafür einen bestimmten Notendurchschnitt","prospective","","88","88","de","A1","A2","","A2","A2","A2","414.7","135.11","264.4","15.19"
"Sind die Räume gut beheizt?","other","","92","89","de","A1","A2","","A2","A1","A2","303.55","63.41","232.83","7.31"
"Ab welchem Notendurchschnitt wird man an der Uni (vielleicht) angenommen?","other","","93","90","de","A1","A2","","A2","A1","A2","641.42","187.82","435.48","18.12"
"Ist die Uni gut erreichbar?","prospective","","99","92","de","A2","A2","","A2","A2","A3","1202.31","154.2","1036.36","11.75"
"Bis wann kann ich mich für Bachelor Biologie bewerben?","enrolled","Biologie","102","93","de","A2","A2","","A4","A4","A2","506.07","60.73","432.18","13.16"
"What documents do I need to submit?","international","Cognitive science","103","94","en","A3","A2","","A5","A5","A2","237.7","31.74","200.95","5.01"
"Wie ist die Geschichte der Uni?","other","","109","95","de","A1","A2","","A2","A1","A3","278.85","83.17","187.82","7.86"
"Welche Fächer könnten etwas für mich sein ","prospective","","112","96","de","A1","A1","","A2","A2","A1","374.51","103.69","254.58","16.24"
"Welchen nc braucht man für welches Studium?","other","","114","97","de","A1","A2","","A2","A1","A3","269.69","53.81","192.19","23.69"
"Wie melde ich mich fuer meine Bachelorarbeit an?","enrolled","Cognitive Science","118","100","de","A2","A2","","A4","A4","A2","493.27","35.0","423.33","34.94"
"Was ist besser Studium oder Ausbildung?","prospective","","119","101","de","A1","A1","","A2","A2","A3","180.71","41.57","133.58","5.56"
"What are the admission requirements for international students, and are there specific language proficiency tests accepted?","international","Cognitive science","120","102","en","A2","A1","","A4","A5","A3","278.49","64.85","181.97","31.67"
"Was muss ich alles nach meiner Immatrikulation erledigen?","enrolled","Cognitive Science","16","103","de","A2","A1","","A4","A4","A1","296.44","41.96","235.25","19.23"
"How am I able to get a student accomodation during my arrival at Osnabrück?","enrolled","Cognitive Science","17","104","en","A2","A2","","A4","A4","A2","415.44","38.97","356.76","19.71"
"Welche Tools stellt die Uni mir zur Verfügung?","enrolled","Bachelor of Science Cognitive Science","18","105","de","A2","A1","","A4","A4","A2","539.12","66.19","456.09","16.84"
"Wo finde ich Infos zu Stipendien?","enrolled","Cognitive Science","19","106","de","A3","A2","","A5","A4","A1","419.18","34.73","379.1","5.35"
"Wie kann ich auf Online Inhalte der Bibliothek zugreifen?","enrolled","Cognitive Science","20","107","de","A2","A2","","A4","A4","A2","443.46","49.35","347.8","46.31"
"Wann sind wieder Semesterferien?","enrolled","Cognitive Science","21","108","de","A2","A2","","A5","A4","A3","848.8","55.92","751.32","41.56"
"Welche Studiengänge bietet die Universität Osnabrück an?","enrolled","Cognitive Science","23","110","de","A2","A2","","A4","A4","A2","496.45","76.49","396.08","23.88"
"Wie melde ich mich für eine Bachelorarbeit an?","international","Bachelor of Science, Cognitive Science","24","111","de","A2","A2","","A4","A5","A1","531.26","48.45","447.18","35.63"
"Darf ich während meines Auslandssemesters bzw. Auslandspraktikums weiterhin an Kursen der Universität Osnabrück teilnehmen? Oder ist meine Teilnahme an Kursen in dem Zeitraum des Auslandsaufenthalts blockiert? ","enrolled","Bachelor of Science, Cognitive Science","26","112","de","A2","A1","","A4","A4","A1","1198.34","78.39","1090.87","29.08"
"Ich arbeite als Werkstudent, kann ich als Tutor auf minijob basis arbeiten?","enrolled","Cognitive Science","27","113","de","A2","A1","","A4","A4","A1","438.64","64.2","357.17","17.27"
"Wie viele Leistunspunke ist das Master Projekt in Cognitive science? ","enrolled","Cognitive Science","28","114","de","A3","A1","","A2","A4","A2","770.65","396.13","364.82","9.7"
"I want to have student financial support. Are there any options provided by the university itself? ","enrolled","Cognitive Science","29","115","en","A2","A2","","A4","A4","A1","886.18","99.94","636.79","149.45"
"Passt dieser Studiengang wirklich zu mir?","enrolled","Cognitive Science B.Sc.","31","116","de","A2","A2","","A4","A4","A3","485.73","47.36","423.78","14.59"
"Auf welche Master Studiengänge (der UOS) kann ich mich mit meinem Bachelor in Cognitive Science bewerben?","enrolled","Cognitive Science","35","117","de","A2","A1","","A4","A4","A2","972.32","141.77","803.98","26.57"
"Wo finde ich Praktikumsstellen?","enrolled","Psychologie","36","118","de","A2","A2","","A5","A4","A2","1634.31","27.81","1526.32","80.18"
"Wo finde ich Informationen zu den Wohnheimen oder anderen Unterkunftsmöglichkeiten für Studierende in Osnabrück?","other",".","37","119","de","A8","A3","","A10","A8","A6","651.14","419.28","194.43","37.43"
"An wen kann ich mich wenden, um berufspraktische Tätigkeiten nachzuweisen?","enrolled","Lehramt für berufsbildende Schulen","39","120","de","A3","A1","","A5","A4","A2","310.06","54.0","244.02","12.04"
"Wo finde ich allgemeine Informationen zu den verschiedenen Fachbereichen?","enrolled","","42","121","de","A2","A2","","A4","A4","A5","392.59","42.69","339.2","10.7"
"Wo finde ich das Klausurdeckblatt zum downloaden?","enrolled","Wirtschaftsrecht","43","122","de","A2","A2","","A4","A4","A3","343.07","45.47","292.08","5.52"
"Wo kann ich meine bisher erbrachten Leistungen und Noten einsehen?","enrolled","Wirtschaftsrecht","46","123","de","A3","A2","","A6","A4","A4","471.32","61.98","394.89","14.45"
"Welche Angebote vom Sportzentrum gibt es?","enrolled","","47","124","de","A3","-oth-","Nichtbinär","A5","A4","A3","392.53","39.66","344.84","8.03"
"Welcher Hausmeister ist für Gebäude 94 zuständig?","other","","49","125","de","A3","A2","","A6","A7","A2","531.24","61.25","464.91","5.08"
"When is the holiday for this semester?","enrolled","Cognitive Science","50","126","en","A3","A2","","A4","A4","A2","236.81","29.64","192.72","14.45"
"Was mache ich bei Studienzweifeln?","enrolled","Master Lehramt an Gymnasien","51","127","de","A3","A2","","A5","A4","A3","440.72","70.19","358.17","12.36"
"What is the credit system to finish my masters?","enrolled","Cognitive Science","52","128","en","A3","A2","","A5","A4","A1","411.74","52.45","296.34","62.95"
"Are there any special workshops or networking events for Master’s students in Cognitive Science?","international","Cognitive Science","53","129","en","A3","A2","","A6","A5","A1","534.43","81.53","387.84","65.06"
"Bis wann kann ich mich für einen NC-freien Studiengang an der Uni einschreiben?","enrolled","Cognitive Science","54","130","de","A2","A2","","A4","A4","A2","420.47","58.39","343.54","18.54"
"Was gibt es heute in der Mensa?","enrolled","Cognitive Science","56","131","de","A3","A1","","A4","A4","A2","1054.06","45.21","962.92","45.93"
"Wo finde ich das Formular für Versuchspersonenstunden?","enrolled","Cognitive Science, B.Sc.","57","132","de","A2","A2","","A4","A4","A1","354.19","40.38","241.74","72.07"
"Welche angebote bietet der Universität ","other","","71","133","de","A2","A2","","A4","A1","A2","250.56","64.16","177.46","8.94"
"Wie viele Student studieren momentan an der Uni? ","prospective","","72","134","de","A1","A2","","A4","A2","A4","743.18","413.85","310.76","18.57"
"Wie lauten die Kontaktdaten der Uni?","enrolled","Rechtswissenschaften","77","135","de","A2","A2","","A4","A4","A2","565.25","84.76","461.16","19.33"
"How can I apply to language learning services?","international","Cognitive Science","83","136","en","A2","A2","","A4","A5","A4","483.54","71.2","349.62","62.72"
"Gibt es Auslandssemester, die von der Universität angeboten werden? ","prospective","","85","137","de","A1","A2","","A4","A2","A5","658.58","153.64","496.42","8.52"
"Wie kann ich jemanden erreichen, der mir weiterhilft?","prospective","","86","138","de","A1","A2","","A4","A2","A3","460.74","57.33","389.96","13.45"
"Gibt es an der Uni ein Angebot für Schüler, wie z. B. Schnuppertage oder Vorlesungen?","prospective","","88","139","de","A1","A2","","A2","A2","A2","414.7","135.11","264.4","15.19"
"Wen sollte ich bei Hilfe fragen?","other","","92","140","de","A1","A2","","A2","A1","A2","303.55","63.41","232.83","7.31"
"Was ist besonders an der Uni? / Was bietet diese, was andere Universitäten nicht bieten?","other","","93","141","de","A1","A2","","A2","A1","A2","641.42","187.82","435.48","18.12"
"Wie sind die Mietpreise für Wohnungen in der Nähe des Campus","prospective","","99","143","de","A2","A2","","A2","A2","A3","1202.31","154.2","1036.36","11.75"
"Erfolgt die Bewerbung für Studium über Uniassist oder direkt?","enrolled","Biologie","102","144","de","A2","A2","","A4","A4","A2","506.07","60.73","432.18","13.16"
"What are the requirements?","international","Cognitive science","103","145","en","A3","A2","","A5","A5","A2","237.7","31.74","200.95","5.01"
"Wie unterscheidet sich die Univon anderen?","other","","109","146","de","A1","A2","","A2","A1","A3","278.85","83.17","187.82","7.86"
"Wie ist  Wohnsituation wenn man hier studieren möchte ","prospective","","112","147","de","A1","A1","","A2","A2","A1","374.51","103.69","254.58","16.24"
"Wie lange geht das Lehramtstudium","other","","114","148","de","A1","A2","","A2","A1","A3","269.69","53.81","192.19","23.69"
"Wann ist Bewerbungsschluss?","enrolled","Soziologie","115","149","de","A3","A2","","A5","A4","A4","231.12","45.58","178.93","6.61"
"wie teuer ist studieren?","other","","117","150","de","A1","A1","","A2","A1","A3","172.49","56.36","110.6","5.53"
"Welche anderen Studiengaenge gibt es mit einem Informatik Schwerpunkt?","enrolled","Cognitive Science","118","151","de","A2","A2","","A4","A4","A2","493.27","35.0","423.33","34.94"
"Welche Fächer kann man studieren?","prospective","","119","152","de","A1","A1","","A2","A2","A3","180.71","41.57","133.58","5.56"
"Can you provide details about scholarships or financial aid options available for international students?","international","Cognitive science","120","153","en","A2","A1","","A4","A5","A3","278.49","64.85","181.97","31.67"
"Wie lasse ich mich exmatrikulieren?","enrolled","Cognitive Science","16","154","de","A2","A1","","A4","A4","A1","296.44","41.96","235.25","19.23"
"How similar is cognitive science to psychology and biology?","enrolled","Cognitive Science","17","155","en","A2","A2","","A4","A4","A2","415.44","38.97","356.76","19.71"
"Wo gibt es Werkstätten welche ich nutzen kann? Z.b. Holz oder Drucker","enrolled","Bachelor of Science Cognitive Science","18","156","de","A2","A1","","A4","A4","A2","539.12","66.19","456.09","16.84"
"Wie bewerbe ich mich für den Master Cognitive Science?","enrolled","Cognitive Science","19","157","de","A3","A2","","A5","A4","A1","419.18","34.73","379.1","5.35"
"Wann sind zwischen 2025 und 2027 vorlesungsfreie Zeiten?","enrolled","Cognitive Science","20","158","de","A2","A2","","A4","A4","A2","443.46","49.35","347.8","46.31"
"Wie lautet die Adresse für das Gebäude 15?","enrolled","Cognitive Science","21","159","de","A2","A2","","A5","A4","A3","848.8","55.92","751.32","41.56"
"Ich habe an das Impressum eine Mail geschickt, kriege aber keine Antwort. Gibt es noch weitere Kontaktmöglichkeiten.","enrolled","Cognitive Science","22","160","de","A3","A1","","A3","A4","A1","395.81","36.07","347.91","11.83"
"Bekomme ich als Semesterticket ein Deutschlandticket gestellt?","enrolled","Cognitive Science","23","161","de","A2","A2","","A4","A4","A2","496.45","76.49","396.08","23.88"
"Welche Institute sind am Standort Westerberg?","international","Bachelor of Science, Cognitive Science","24","162","de","A2","A2","","A4","A5","A1","531.26","48.45","447.18","35.63"
"Wenn mein Pflicht-Auslandsaufenthalt z.B. im Dezember aufhört (weil ich in einem Land mit anderen Semesterzeiten bin oder weil mein Praktikum nur bis Dezember geht), dürfte ich dann theoretisch noch im restlichen Wintersemester der Uni Osnabrück (welches bis März geht) an Kursen teilnehmen und sogar eine Klausur in diesen Kursen schreiben?","enrolled","Bachelor of Science, Cognitive Science","26","163","de","A2","A1","","A4","A4","A1","1198.34","78.39","1090.87","29.08"
"Wann bekomme ich eine Antwort ob ich das Niedersachenstipendium bekomme?","enrolled","Cognitive Science","27","164","de","A2","A1","","A4","A4","A1","438.64","64.2","357.17","17.27"
"Was ist der Hauptunterschied zwischen PO 2019 und 2024 für den Cognitive Science Bachelor Studiengang? ","enrolled","Cognitive Science","28","165","de","A3","A1","","A2","A4","A2","770.65","396.13","364.82","9.7"
"If I want to start a project with a professor, what do I do? Do I adress the professor directly or is there anyone else better to contact? ","enrolled","Cognitive Science","29","166","en","A2","A2","","A4","A4","A1","886.18","99.94","636.79","149.45"
"Sollte ich mich um Bafög oder ein Stipendium kümmern und wenn ja, wie genau gehe ich vor?
","enrolled","Cognitive Science B.Sc.","31","167","de","A2","A2","","A4","A4","A3","485.73","47.36","423.78","14.59"
"Welche Studiengänge sind am meisten vertreten?","enrolled","Cognitive Science","35","168","de","A2","A1","","A4","A4","A2","972.32","141.77","803.98","26.57"
"Wo finde ich die Mensa am Westerberg?","enrolled","Psychologie","36","169","de","A2","A2","","A5","A4","A2","1634.31","27.81","1526.32","80.18"
"Gibt es finanzielle Unterstützung oder Stipendienprogramme für Studierende, und wie kann ich mich dafür bewerben?","other",".","37","170","de","A8","A3","","A10","A8","A6","651.14","419.28","194.43","37.43"
"Wo finde ich die Prüfungsordnungen und Modulbeschreibungen für mein Studienfach?","enrolled","Lehramt für berufsbildende Schulen","39","171","de","A3","A1","","A5","A4","A2","310.06","54.0","244.02","12.04"
"Wie hoch ist der Semesterbeitrag und wann ist dieser fällig?","enrolled","","42","172","de","A2","A2","","A4","A4","A5","392.59","42.69","339.2","10.7"
"Wo finde ich die Klausur- und Prüfungstermine für FB 10? ","enrolled","Wirtschaftsrecht","43","173","de","A2","A2","","A4","A4","A3","343.07","45.47","292.08","5.52"
"Wie lasse ich mir die Teilnahme an Veranstaltungen anrechnen, die nicht Teil meines Studiengangs sind?","enrolled","Wirtschaftsrecht","46","174","de","A3","A2","","A6","A4","A4","471.32","61.98","394.89","14.45"
"Welche Angebote vom Sprachenzentrum gibt es?","enrolled","","47","175","de","A3","-oth-","Nichtbinär","A5","A4","A3","392.53","39.66","344.84","8.03"
"Gibt es an der Universität eine Professor:in, die zu 'predictive policing' forscht?","other","","49","176","de","A3","A2","","A6","A7","A2","531.24","61.25","464.91","5.08"
"How do I put money in my campus card","enrolled","Cognitive Science","50","177","en","A3","A2","","A4","A4","A2","236.81","29.64","192.72","14.45"
"Warum gibt es das Niedersachsenmenü nicht mehr?","enrolled","Master Lehramt an Gymnasien","51","178","de","A3","A2","","A5","A4","A3","440.72","70.19","358.17","12.36"
"Are there internship opportunities supported by the University?","enrolled","Cognitive Science","52","179","en","A3","A2","","A5","A4","A1","411.74","52.45","296.34","62.95"
"What student organizations or clubs are open to international students?","international","Cognitive Science","53","180","en","A3","A2","","A6","A5","A1","534.43","81.53","387.84","65.06"
"Wie teurer ist es in einem Studentenwohnheim zu wohnen?","enrolled","Cognitive Science","54","181","de","A2","A2","","A4","A4","A2","420.47","58.39","343.54","18.54"
"Wo kann ich die Prüfungsordnung für Cognitive Science finden?","enrolled","Cognitive Science, B.Sc.","57","183","de","A2","A2","","A4","A4","A1","354.19","40.38","241.74","72.07"
"Unterstützt sie finanziell ","other","","71","184","de","A2","A2","","A4","A1","A2","250.56","64.16","177.46","8.94"
"Wie ist die Anbindung zu den Öffentlichenverkehrsmitteln? ","prospective","","72","185","de","A1","A2","","A4","A2","A4","743.18","413.85","310.76","18.57"
"Welche Events gibt es in der nächsten Zeit?","enrolled","Rechtswissenschaften","77","186","de","A2","A2","","A4","A4","A2","565.25","84.76","461.16","19.33"
"Where can I find additional resources for my courses?","international","Cognitive Science","83","187","en","A2","A2","","A4","A5","A4","483.54","71.2","349.62","62.72"
"Kann man Vorlesungen der Universität Osnabrück einfach besuchen? ","prospective","","85","188","de","A1","A2","","A4","A2","A5","658.58","153.64","496.42","8.52"
"Wie kann man sich für einen Studiengang bewerben","prospective","","86","189","de","A1","A2","","A4","A2","A3","460.74","57.33","389.96","13.45"
"Wie teuer ist das Studium an der Uni Osnabrück, und gibt es irgendwelche Gebühren?","prospective","","88","190","de","A1","A2","","A2","A2","A2","414.7","135.11","264.4","15.19"
"Ist die Universität auf etwas spezialisiert?



","other","","93","192","de","A1","A2","","A2","A1","A2","641.42","187.82","435.48","18.12"
"Braucht man einen NC für den Studiengang Germanistik auf Lehramt ","prospective","","99","194","de","A2","A2","","A2","A2","A3","1202.31","154.2","1036.36","11.75"
"Wie hoch ist der Semesterbeitrag in diesem Semester?","enrolled","Biologie","102","195","de","A2","A2","","A4","A4","A2","506.07","60.73","432.18","13.16"
"What are the semester dates?","international","Cognitive science","103","196","en","A3","A2","","A5","A5","A2","237.7","31.74","200.95","5.01"
"Wo kann mna sihc bei der Uni anmelden?","other","","109","197","de","A1","A2","","A2","A1","A3","278.85","83.17","187.82","7.86"
"Was für einen Abschluss brauche ich für einen bestimmten Studiengang","prospective","","112","198","de","A1","A1","","A2","A2","A1","374.51","103.69","254.58","16.24"
"Wie viele Vorlesungen finden pro Woche statt","other","","114","199","de","A1","A2","","A2","A1","A3","269.69","53.81","192.19","23.69"
"Was kann man beruflich mit diesem Abschluss machen?","enrolled","Soziologie","115","200","de","A3","A2","","A5","A4","A4","231.12","45.58","178.93","6.61"
"an welchen tagen ist der Unterricht?","other","","117","201","de","A1","A1","","A2","A1","A3","172.49","56.36","110.6","5.53"
"Welche Bedingungen muss ich erfuellen um mich fuer einen bestimmten Studiengang zu bewerben?","enrolled","Cognitive Science","118","202","de","A2","A2","","A4","A4","A2","493.27","35.0","423.33","34.94"
"Wie teuer ist ein Studium?","prospective","","119","203","de","A1","A1","","A2","A2","A3","180.71","41.57","133.58","5.56"
"What housing options are provided for students, and how can I apply for oncampus accommodation?","international","Cognitive science","120","204","en","A2","A1","","A4","A5","A3","278.49","64.85","181.97","31.67"
"Where do cognitive science alumnis from Osnabrück University end up working?","enrolled","Cognitive Science","17","206","en","A2","A2","","A4","A4","A2","415.44","38.97","356.76","19.71"
"Aud welchem System läuft dieser Chatbot?","enrolled","Bachelor of Science Cognitive Science","18","207","de","A2","A1","","A4","A4","A2","539.12","66.19","456.09","16.84"
"Was gibt es Neues?","enrolled","Cognitive Science","19","208","de","A3","A2","","A5","A4","A1","419.18","34.73","379.1","5.35"
"Welche Masterstudiengänge in Osnabrück kann ich mit einem Bachelor in Cognitive Science studieren?","enrolled","Cognitive Science","20","209","de","A2","A2","","A4","A4","A2","443.46","49.35","347.8","46.31"
"Wann sind die Bewerbungsfristen für das Sommersemester 2025?","enrolled","Cognitive Science","21","210","de","A2","A2","","A5","A4","A3","848.8","55.92","751.32","41.56"
"Gibt es gerade Stellenausschreiben an der Uni?","enrolled","Cognitive Science","22","211","de","A3","A1","","A3","A4","A1","395.81","36.07","347.91","11.83"
"Wo ist das Gebäude 69?","enrolled","Cognitive Science","23","212","de","A2","A2","","A4","A4","A2","496.45","76.49","396.08","23.88"
"Bietet die Uni Osnabrück Musik und Sportclubs an?","international","Bachelor of Science, Cognitive Science","24","213","de","A2","A2","","A4","A5","A1","531.26","48.45","447.18","35.63"
"Welche Beruf-Optionen kann man mit einem abgeschlossenen Bachelor in Cognitive Science erwarten? ","enrolled","Bachelor of Science, Cognitive Science","26","214","de","A2","A1","","A4","A4","A1","1198.34","78.39","1090.87","29.08"
"Gibt es gerade offene Arbeitsplaetze an der Uni die mit programmieren und oder AI zu tun haben, fuer die ich mich bewerben koennte?","enrolled","Cognitive Science","27","215","de","A2","A1","","A4","A4","A1","438.64","64.2","357.17","17.27"
"Wie kann ich mich für eine Hilfskraftstelle an der Uni Bewerben? ","enrolled","Cognitive Science","28","216","de","A3","A1","","A2","A4","A2","770.65","396.13","364.82","9.7"
"I faced an issue that I cannot attend a midterm exam as I am not in Osnabrück. Who can I contact for that matter? I am hoping there will be a retake, but I’m not sure where to check.","enrolled","Cognitive Science","29","217","en","A2","A2","","A4","A4","A1","886.18","99.94","636.79","149.45"
"Wie komme ich am besten mit dem ÖPNV zur Uni hin?","enrolled","Cognitive Science B.Sc.","31","218","de","A2","A2","","A4","A4","A3","485.73","47.36","423.78","14.59"
"Wann sind die Vorlesungszeiten bzw. wann sind Semesterferien?","enrolled","Cognitive Science","35","219","de","A2","A1","","A4","A4","A2","972.32","141.77","803.98","26.57"
"Was brauche ich für einen NC um Psychologie studieren zu können?","enrolled","Psychologie","36","220","de","A2","A2","","A5","A4","A2","1634.31","27.81","1526.32","80.18"
"Welche Bibliotheksdienste stehen Studierenden zur Verfügung, und wie kann ich ein Buch ausleihen oder einen Arbeitsplatz reservieren?","other",".","37","221","de","A8","A3","","A10","A8","A6","651.14","419.28","194.43","37.43"
"Wo kann ich die Semesterzeitpläne einsehen? Vorlesungsbeginn etc.","enrolled","Lehramt für berufsbildende Schulen","39","222","de","A3","A1","","A5","A4","A2","310.06","54.0","244.02","12.04"
"Gibt es demnächst Veranstaltungen von der Uni?","enrolled","","42","223","de","A2","A2","","A4","A4","A5","392.59","42.69","339.2","10.7"
"Welche Bachelor-Studiengänge bietet die Uni Osnabrück an?","enrolled","Wirtschaftsrecht","43","224","de","A2","A2","","A4","A4","A3","343.07","45.47","292.08","5.52"
"Wer kann mir bei Problemen außerhalb der Hochschule helfen (Rechtshilfe/Psychologischer Dienst)?","enrolled","Wirtschaftsrecht","46","225","de","A3","A2","","A6","A4","A4","471.32","61.98","394.89","14.45"
"Wie unterstützt die Universität Studierende, die von außerhalb Osnabrücks reinpendeln müssen?","enrolled","","47","226","de","A3","-oth-","Nichtbinär","A5","A4","A3","392.53","39.66","344.84","8.03"
"Wann kann ich mich für das Frühstarter-Sportprogramm anmelden? ","other","","49","227","de","A3","A2","","A6","A7","A2","531.24","61.25","464.91","5.08"
"Is there any event happening this week?","enrolled","Cognitive Science","50","228","en","A3","A2","","A4","A4","A2","236.81","29.64","192.72","14.45"
"Warum sollte ich an der Universität Osnabrück studieren?","enrolled","Master Lehramt an Gymnasien","51","229","de","A3","A2","","A5","A4","A3","440.72","70.19","358.17","12.36"
"What are the job opportunities after finishing my program?","enrolled","Cognitive Science","52","230","en","A3","A2","","A5","A4","A1","411.74","52.45","296.34","62.95"
"Are there part-time job opportunities on campus for international students?","international","Cognitive Science","53","231","en","A3","A2","","A6","A5","A1","534.43","81.53","387.84","65.06"
"Welche Bachelor Abschlüsse qualifizieren mich für einen Master in Cognitive Science?","enrolled","Cognitive Science","54","232","de","A2","A2","","A4","A4","A2","420.47","58.39","343.54","18.54"
"Wo kann ich die Modulordnung für den Cognitive Science Bachelor finden?","enrolled","Cognitive Science, B.Sc.","57","234","de","A2","A2","","A4","A4","A1","354.19","40.38","241.74","72.07"
"Wie viele unterschiedliche Studiengänge werden hier unterrichtet? ","prospective","","72","236","de","A1","A2","","A4","A2","A4","743.18","413.85","310.76","18.57"
"Wann sind Semesterferien?","enrolled","Rechtswissenschaften","77","237","de","A2","A2","","A4","A4","A2","565.25","84.76","461.16","19.33"
"How can I sign up for sports?","international","Cognitive Science","83","238","en","A2","A2","","A4","A5","A4","483.54","71.2","349.62","62.72"
"Kann man während des Studiums in einem Forschungsinstitut arbeiten? ","prospective","","85","239","de","A1","A2","","A4","A2","A5","658.58","153.64","496.42","8.52"
"Was sind die Inhalte dieses Studiengangs","prospective","","86","240","de","A1","A2","","A4","A2","A3","460.74","57.33","389.96","13.45"
"Kann man dort auch ein Auslandssemester machen, und wie funktioniert das?","prospective","","88","241","de","A1","A2","","A2","A2","A2","414.7","135.11","264.4","15.19"
"Wo ist die nächste Toilette?","other","","92","242","de","A1","A2","","A2","A1","A2","303.55","63.41","232.83","7.31"
"Wofür ist die Universität bekannt?","other","","93","243","de","A1","A2","","A2","A1","A2","641.42","187.82","435.48","18.12"
"Wie weit ist die Uni von der Innenstadt entfernt?","prospective","","99","245","de","A2","A2","","A2","A2","A3","1202.31","154.2","1036.36","11.75"
"Für wie viele Studiengänge kann ich gleichzeitig Bewerbungsunterlagen einreichen?","enrolled","Biologie","102","246","de","A2","A2","","A4","A4","A2","506.07","60.73","432.18","13.16"
"How much are the University fees?","international","Cognitive science","103","247","en","A3","A2","","A5","A5","A2","237.7","31.74","200.95","5.01"
"wie viele Leute besuchen die Uni?","other","","109","248","de","A1","A2","","A2","A1","A3","278.85","83.17","187.82","7.86"
"Wie viel verdiene ich später voraussichtlich ","prospective","","112","249","de","A1","A1","","A2","A2","A1","374.51","103.69","254.58","16.24"
"Gibt es einen Raumplan?","other","","114","250","de","A1","A2","","A2","A1","A3","269.69","53.81","192.19","23.69"
"Gibt es an dieser Uni Möglichkeiten, ein weiterführendes Studium anzuschließen?","enrolled","Soziologie","115","251","de","A3","A2","","A5","A4","A4","231.12","45.58","178.93","6.61"
"welche Abschlüsse kann man im Studium anstreben? Bachelor Master usw,","other","","117","252","de","A1","A1","","A2","A1","A3","172.49","56.36","110.6","5.53"
"Wie viele Studierende gibt es an der Uni?","enrolled","Cognitive Science","118","253","de","A2","A2","","A4","A4","A2","493.27","35.0","423.33","34.94"
"Welche Vorkenntnisse brauch ich für ein Studium?","prospective","","119","254","de","A1","A1","","A2","A2","A3","180.71","41.57","133.58","5.56"
"Are there any student organizations activities I can join to enhance my university experience?

","international","Cognitive science","120","255","en","A2","A1","","A4","A5","A3","278.49","64.85","181.97","31.67"
"What are some research labs that I can join as a cognitive science student in Osnabrück University?","enrolled","Cognitive Science","17","257","en","A2","A2","","A4","A4","A2","415.44","38.97","356.76","19.71"
"Wo finde ich Services für Studis? z.b. Wohnungssuche","enrolled","Bachelor of Science Cognitive Science","18","258","de","A2","A1","","A4","A4","A2","539.12","66.19","456.09","16.84"
"Wo kann ich das Gebäude 66 finden?","enrolled","Cognitive Science","20","260","de","A2","A2","","A4","A4","A2","443.46","49.35","347.8","46.31"
"Welche Sprachnachweise werden bei meiner Bewerbung anerkannt?","enrolled","Cognitive Science","21","261","de","A2","A2","","A5","A4","A3","848.8","55.92","751.32","41.56"
"Was ist das Lernzentrum","enrolled","Cognitive Science","22","262","de","A3","A1","","A3","A4","A1","395.81","36.07","347.91","11.83"
"Welche Vorraussetzungen muss ich für ein Studium in Sportwissenschaften erfüllen?","enrolled","Cognitive Science","23","263","de","A2","A2","","A4","A4","A2","496.45","76.49","396.08","23.88"
"Welche Kurse oder Veranstaltungen finden in dem Schlussgebäude am Innenstadt Campus statt?","international","Bachelor of Science, Cognitive Science","24","264","de","A2","A2","","A4","A5","A1","531.26","48.45","447.18","35.63"
"Kann man mit einem abgeschlossenen Bachelor in Cognitive Science bereits anfangen sinnvoll zu arbeiten (d.h. in einem Sektor bzw. Unternehmen welches sich solch einen Abschluss wünscht und wo man das Wissen aus diesem tatsächlich anwenden kann), oder muss man erst einen Master machen in dem man sich auf irgendeinen Bereich spezialisiert? ","enrolled","Bachelor of Science, Cognitive Science","26","265","de","A2","A1","","A4","A4","A1","1198.34","78.39","1090.87","29.08"
"Woher bekomme ich ein Englisch Sprachzertifikat fuer mein Auslandssemster?","enrolled","Cognitive Science","27","266","de","A2","A1","","A4","A4","A1","438.64","64.2","357.17","17.27"
"Ist ein Auslandssemester erforderlich für internationale Studenten im Bachelor Studiengang Cognitive science? ","enrolled","Cognitive Science","28","267","de","A3","A1","","A2","A4","A2","770.65","396.13","364.82","9.7"
"How do I best ask for a letter of recommendation? Is there a template from the university as to what is expected to be written in it? ","enrolled","Cognitive Science","29","268","en","A2","A2","","A4","A4","A1","886.18","99.94","636.79","149.45"
"Wie viele Stunden in der Woche werde ich ungefähr mit diesem Studiengang beschäftigt sein?","enrolled","Cognitive Science B.Sc.","31","269","de","A2","A2","","A4","A4","A3","485.73","47.36","423.78","14.59"
"Was gibt es für Initiativen/Aktivitäten für Studierende?","enrolled","Cognitive Science","35","270","de","A2","A1","","A4","A4","A2","972.32","141.77","803.98","26.57"
"Wie viele Studierende gibt es in OS?","enrolled","Psychologie","36","271","de","A2","A2","","A5","A4","A2","1634.31","27.81","1526.32","80.18"
"Wann finden die Orientierungswochen für Erstsemester statt, und wie melde ich mich dafür an?","other",".","37","272","de","A8","A3","","A10","A8","A6","651.14","419.28","194.43","37.43"
"Wie lauten die Bewerbungsfristen für meine Studienfach?","enrolled","Lehramt für berufsbildende Schulen","39","273","de","A3","A1","","A5","A4","A2","310.06","54.0","244.02","12.04"
"Wo finde ich Informationen zur Einführungswoche?","enrolled","","42","274","de","A2","A2","","A4","A4","A5","392.59","42.69","339.2","10.7"
"Welche Master-Studiengänge bietet die Uni Osnabrück an?","enrolled","Wirtschaftsrecht","43","275","de","A2","A2","","A4","A4","A3","343.07","45.47","292.08","5.52"
"Wie kann ich mich engagieren und tatsächlich etwas bewirken?","enrolled","Wirtschaftsrecht","46","276","de","A3","A2","","A6","A4","A4","471.32","61.98","394.89","14.45"
"Warum sind die Anbindungen an den Campus Westerberg so schlecht?","enrolled","","47","277","de","A3","-oth-","Nichtbinär","A5","A4","A3","392.53","39.66","344.84","8.03"
"Welche Veranstaltungen für Promovierende gibt es?","other","","49","278","de","A3","A2","","A6","A7","A2","531.24","61.25","464.91","5.08"
"Who is the president of the uni?","enrolled","Cognitive Science","50","279","en","A3","A2","","A4","A4","A2","236.81","29.64","192.72","14.45"
"An wen wende ich mich mit einer coolen Idee aus meinem Kunststudium, das für alle Erstsemester interessant sein könnte?","enrolled","Master Lehramt an Gymnasien","51","280","de","A3","A2","","A5","A4","A3","440.72","70.19","358.17","12.36"
"How can I renew my VISA?","enrolled","Cognitive Science","52","281","en","A3","A2","","A5","A4","A1","411.74","52.45","296.34","62.95"
"How can I connect with alumni from my program or other international students at the university?","international","Cognitive Science","53","282","en","A3","A2","","A6","A5","A1","534.43","81.53","387.84","65.06"
"Wann sind die Semester Ferien?","enrolled","Cognitive Science","54","283","de","A2","A2","","A4","A4","A2","420.47","58.39","343.54","18.54"
"Wann ist das Examination Office geöffnet?","enrolled","Cognitive Science","56","284","de","A3","A1","","A4","A4","A2","1054.06","45.21","962.92","45.93"
"Wo finde ich Informationen zur mündlichen Prüfung im Bachelor Cognitive Science?","enrolled","Cognitive Science, B.Sc.","57","285","de","A2","A2","","A4","A4","A1","354.19","40.38","241.74","72.07"
"Wie wurde die Uni von ehemaligen Studenten bewertet? ","prospective","","72","287","de","A1","A2","","A4","A2","A4","743.18","413.85","310.76","18.57"
"Was kannst du mir zu dem Studiengang (bsp: Jura) erzählen?","enrolled","Rechtswissenschaften","77","288","de","A2","A2","","A4","A4","A2","565.25","84.76","461.16","19.33"
"How can I meet other international students?","international","Cognitive Science","83","289","en","A2","A2","","A4","A5","A4","483.54","71.2","349.62","62.72"
"Welche Events, abgesehen vom Campus Festival, gibt es von der Universität aus? ","prospective","","85","290","de","A1","A2","","A4","A2","A5","658.58","153.64","496.42","8.52"
"Wie hoch ist die Studiengebühr für diesen Studiengang/ diese Univerität","prospective","","86","291","de","A1","A2","","A4","A2","A3","460.74","57.33","389.96","13.45"
"Wo wohnen die meisten Studenten, und wie findet man ein Zimmer in Osnabrück?","prospective","","88","292","de","A1","A2","","A2","A2","A2","414.7","135.11","264.4","15.19"
"Worauf muss ich besonders bei Hausarbeiten achten?","other","","92","293","de","A1","A2","","A2","A1","A2","303.55","63.41","232.83","7.31"
"Wie ist die Geschichte der Uni?","other","","93","294","de","A1","A2","","A2","A1","A2","641.42","187.82","435.48","18.12"
"Gibt es Studentenwohnheime?","prospective","","99","296","de","A2","A2","","A2","A2","A3","1202.31","154.2","1036.36","11.75"
"Kann ich länger als Regelstudienzeit studieren?","enrolled","Biologie","102","297","de","A2","A2","","A4","A4","A2","506.07","60.73","432.18","13.16"
"Are there student accomodations available?","international","Cognitive science","103","298","en","A3","A2","","A5","A5","A2","237.7","31.74","200.95","5.01"
"Wie viele Lerher gibt es an der Uni?","other","","109","299","de","A1","A2","","A2","A1","A3","278.85","83.17","187.82","7.86"
"Welche Berufe kann man mi dem Abschluss machen","prospective","","112","300","de","A1","A1","","A2","A2","A1","374.51","103.69","254.58","16.24"
"Wie kann ich mich bewerben?","other","","114","301","de","A1","A2","","A2","A1","A3","269.69","53.81","192.19","23.69"
"Welche Wahlpflichtkurse gibt es?","enrolled","Soziologie","115","302","de","A3","A2","","A5","A4","A4","231.12","45.58","178.93","6.61"
"Welche Moeglichkeiten einer Studienfinanzierung gibt es","enrolled","Cognitive Science","118","304","de","A2","A2","","A4","A4","A2","493.27","35.0","423.33","34.94"
"Was sind die schwierigsten Studienfächer?","prospective","","119","305","de","A1","A1","","A2","A2","A3","180.71","41.57","133.58","5.56"
"What are the career services available for students, such as internships, job fairs, or counseling?","international","Cognitive science","120","306","en","A2","A1","","A4","A5","A3","278.49","64.85","181.97","31.67"
"Worauf muss ich achten, wenn ich ein Auslandssemester antrete?","enrolled","Cognitive Science","16","307","de","A2","A1","","A4","A4","A1","296.44","41.96","235.25","19.23"
"Do I have to complete an internship before or during my studies as a cognitive science student at Osnabrück University?","enrolled","Cognitive Science","17","308","en","A2","A2","","A4","A4","A2","415.44","38.97","356.76","19.71"
"Ich will meine BA schreiben, was sind formale Voraussetzungen?","enrolled","Bachelor of Science Cognitive Science","18","309","de","A2","A1","","A4","A4","A2","539.12","66.19","456.09","16.84"
"Was für Veranstaltungen stehen an?","enrolled","Cognitive Science","19","310","de","A3","A2","","A5","A4","A1","419.18","34.73","379.1","5.35"
"Welche Module aus Psychologie und Cognitive Science überschneiden sich und was ist Psychologie spezifisch?","enrolled","Cognitive Science","20","311","de","A2","A2","","A4","A4","A2","443.46","49.35","347.8","46.31"
"Wie lautet die aktuelle Prüfungsordnung für Cognitive Science Studierende im Bachelor?","enrolled","Cognitive Science","21","312","de","A2","A2","","A5","A4","A3","848.8","55.92","751.32","41.56"
"wo finde ich meine Imatrikulationsunterlagen","enrolled","Cognitive Science","22","313","de","A3","A1","","A3","A4","A1","395.81","36.07","347.91","11.83"
"An wen wende ich mich bei Fragen zu meiner Studienlaufbahn?","enrolled","Cognitive Science","23","314","de","A2","A2","","A4","A4","A2","496.45","76.49","396.08","23.88"
"Wie kann ich meine lernen Optimierten. ","international","Bachelor of Science, Cognitive Science","24","315","de","A2","A2","","A4","A5","A1","531.26","48.45","447.18","35.63"
"Wie wertvoll ist der Bachelor in Cognitive Science für Unternehmen, vor allem im Vergleich zu jemandem der in einem ähnlichen, weiter verbreiteten Studiengang wie z.B. Informatik seinen Bachelor abgeschlossen hat? ","enrolled","Bachelor of Science, Cognitive Science","26","316","de","A2","A1","","A4","A4","A1","1198.34","78.39","1090.87","29.08"
"Was sind die durschnitts Abschluss noten fuer verschiedene Studienganege und im allgmeinen?","enrolled","Cognitive Science","27","317","de","A2","A1","","A4","A4","A1","438.64","64.2","357.17","17.27"
"Was sind die Voraussetzungen um eine Bachelor-Arbeit beim Prüfungsamt anzumelden? ","enrolled","Cognitive Science","28","318","de","A3","A1","","A2","A4","A2","770.65","396.13","364.82","9.7"
"Where can I find student jobs on the website? Is there a chance to work in the IT field to gain some insightful experience? Is it smart to address lecturers directly for opportunities? ","enrolled","Cognitive Science","29","319","en","A2","A2","","A4","A4","A1","886.18","99.94","636.79","149.45"
"Was brauche ich alles, um mich für diesen Studiengang zu bewerben, bzw. wie läuft der gesamte Prozess genau ab?","enrolled","Cognitive Science B.Sc.","31","320","de","A2","A2","","A4","A4","A3","485.73","47.36","423.78","14.59"
"Ist der Frosch heute geöffnet?","enrolled","Cognitive Science","35","321","de","A2","A1","","A4","A4","A2","972.32","141.77","803.98","26.57"
"Was sind die Anforderungen für einen Klinischen Master in OS?","enrolled","Psychologie","36","322","de","A2","A2","","A5","A4","A2","1634.31","27.81","1526.32","80.18"
"Wie kann ich mich für Sprachkurse am Sprachenzentrum anmelden, und welche Sprachen werden angeboten?","other",".","37","323","de","A8","A3","","A10","A8","A6","651.14","419.28","194.43","37.43"
"Wie laufen die Bewerbungen ab? Wo finde ich diese Informationen?","enrolled","Lehramt für berufsbildende Schulen","39","324","de","A3","A1","","A5","A4","A2","310.06","54.0","244.02","12.04"
"Wann sind Semesterferien?","enrolled","","42","325","de","A2","A2","","A4","A4","A5","392.59","42.69","339.2","10.7"
"Wo kann ich mich für die Sprachkurse anmelden?","enrolled","Wirtschaftsrecht","43","326","de","A2","A2","","A4","A4","A3","343.07","45.47","292.08","5.52"
"Wie finde ich den passenden Studiengang für mich?","enrolled","Wirtschaftsrecht","46","327","de","A3","A2","","A6","A4","A4","471.32","61.98","394.89","14.45"
"Wie wurden die Antwortdaten für diesen Chatbot generiert? (Kontext: Andere ""KI-Bots"" holen ihre Datensätze auf Basis von Ausbeutung anderer Menschen)","enrolled","","47","328","de","A3","-oth-","Nichtbinär","A5","A4","A3","392.53","39.66","344.84","8.03"
"Wen kann ich kontaktieren, um einen tropfenden Wasserhahn zu melden? ","other","","49","329","de","A3","A2","","A6","A7","A2","531.24","61.25","464.91","5.08"
"When is building 50 closed?","enrolled","Cognitive Science","50","330","en","A3","A2","","A4","A4","A2","236.81","29.64","192.72","14.45"
"Was mache ich, wenn zum Ende meines Studiums Exkursionen fehlen, weil es keine freien Plätze gab?","enrolled","Master Lehramt an Gymnasien","51","331","de","A3","A2","","A5","A4","A3","440.72","70.19","358.17","12.36"
"How can I apply for a Phd?","enrolled","Cognitive Science","52","332","en","A3","A2","","A5","A4","A1","411.74","52.45","296.34","62.95"
"What resources are available to help students with disabilities at Osnabrück University?","international","Cognitive Science","53","333","en","A3","A2","","A6","A5","A1","534.43","81.53","387.84","65.06"
"Wo kann ich mich für Klausuren anmelden?","enrolled","Cognitive Science","54","334","de","A2","A2","","A4","A4","A2","420.47","58.39","343.54","18.54"
"Wo erfahre ich etwas über Nachteilsausgleiche?","enrolled","Cognitive Science, B.Sc.","57","336","de","A2","A2","","A4","A4","A1","354.19","40.38","241.74","72.07"
"Gibt es eine Bibliothek?","prospective","","72","338","de","A1","A2","","A4","A2","A4","743.18","413.85","310.76","18.57"
"Wie sind die Öffnungszeiten der Bibliotheken?","enrolled","Rechtswissenschaften","77","339","de","A2","A2","","A4","A4","A2","565.25","84.76","461.16","19.33"
"How can I start looking into exchange programs?","international","Cognitive Science","83","340","en","A2","A2","","A4","A5","A4","483.54","71.2","349.62","62.72"
"Wann und wie läuft das Anmeldeverfahren ab? ","prospective","","85","341","de","A1","A2","","A4","A2","A5","658.58","153.64","496.42","8.52"
"Was sind Vor- und Nachteile dieser Uni","prospective","","86","342","de","A1","A2","","A4","A2","A3","460.74","57.33","389.96","13.45"
"Was macht das Studentenleben in Osnabrück besonders?","prospective","","88","343","de","A1","A2","","A2","A2","A2","414.7","135.11","264.4","15.19"
"Wann sind die nächsten Semester Ferien?","other","","92","344","de","A1","A2","","A2","A1","A2","303.55","63.41","232.83","7.31"
"Wie sieht die Universität aus?","other","","93","345","de","A1","A2","","A2","A1","A2","641.42","187.82","435.48","18.12"
"Wie sind die Vorlesungen aufgebaut?","prospective","","99","347","de","A2","A2","","A2","A2","A3","1202.31","154.2","1036.36","11.75"
"Kann ich nach dem Studiumanfang den Studiengang wechseln?","enrolled","Biologie","102","348","de","A2","A2","","A4","A4","A2","506.07","60.73","432.18","13.16"
"Are there any scholarships?","international","Cognitive science","103","349","en","A3","A2","","A5","A5","A2","237.7","31.74","200.95","5.01"
"Bietet die Uni spezielle Aktivitäten an?","other","","109","350","de","A1","A2","","A2","A1","A3","278.85","83.17","187.82","7.86"
"Wann macht ein Master Sinn ","prospective","","112","351","de","A1","A1","","A2","A2","A1","374.51","103.69","254.58","16.24"
"An wen kann ich mich wenden?","other","","114","352","de","A1","A2","","A2","A1","A3","269.69","53.81","192.19","23.69"
"Gibt es ähnliche Studiengänge an anderen Universitäten?","enrolled","Soziologie","115","353","de","A3","A2","","A5","A4","A4","231.12","45.58","178.93","6.61"
"Kann ich ein Auslandssemester machen?","enrolled","Cognitive Science","118","355","de","A2","A2","","A4","A4","A2","493.27","35.0","423.33","34.94"
"Welche Jobs kann man mit welchen Studienfächern aufnehmen?","prospective","","119","356","de","A1","A1","","A2","A2","A3","180.71","41.57","133.58","5.56"
"what can you do to help me? what's your capability?","international","Cognitive science","120","357","en","A2","A1","","A4","A5","A3","278.49","64.85","181.97","31.67"
"Wenn alles was Unternehmen über mich wissen ist, dass ich einen Bachelor in Cognitive Science habe, welche Unternehmen wären daran interessiert mich einzustellen?","enrolled","Bachelor of Science, Cognitive Science","26","359","de","A2","A1","","A4","A4","A1","1198.34","78.39","1090.87","29.08"
"I have an idea how to improve the lecture recordings. Who can I talk to to discuss my ideas? ","enrolled","Cognitive Science","29","360","en","A2","A2","","A4","A4","A1","886.18","99.94","636.79","149.45"
"Wie genau funktioniert das mit den Langzeitstudiengebühren?","enrolled","Wirtschaftsrecht","46","361","de","A3","A2","","A6","A4","A4","471.32","61.98","394.89","14.45"
"Wann wird der NC für Psychologie veröffentlicht? Gibt es einen bestimmten Wert mit dem man rechnen kann? ","prospective","","85","362","de","A1","A2","","A4","A2","A5","658.58","153.64","496.42","8.52"
"Ich habe meine Campuskarte verloren. wie kriege ich eine neue?","enrolled","Cognitive Science","22","364","de","A3","A1","","A3","A4","A1","395.81","36.07","347.91","11.83"
"Welches Wissen aus dem Bereich Cognitive Science ist für verschiedene Unternehmen am relevantesten? ","enrolled","Bachelor of Science, Cognitive Science","26","365","de","A2","A1","","A4","A4","A1","1198.34","78.39","1090.87","29.08"
"Wen kann ich bei konkreten Fragen zum Studienalltag kontaktieren, wenn ich gern mit einem Menschen sprechen möchte?","enrolled","Wirtschaftsrecht","46","366","de","A3","A2","","A6","A4","A4","471.32","61.98","394.89","14.45"
"Gibt es Besonderheiten für Psychologie in Osnabrück und in welche Richtungen kann ich mich später spezialisieren? ","prospective","","85","367","de","A1","A2","","A4","A2","A5","658.58","153.64","496.42","8.52"
"Wo kann ich sehen ab wann ich mich für Psychologie einschreiben kann? ","prospective","","85","370","de","A1","A2","","A4","A2","A5","658.58","153.64","496.42","8.52"
